2026-07-02 11:59:13:INFO:========= 准备训练数据集: iemocap4 (classification) =========
2026-07-02 11:59:13:INFO:[ConfigResolver] model_type=llama2, dataset=iemocap4, task=classification, profile_keys=['pretrain_LM', 'lora_target_modules', 'task_specific_prompt', 'max_new_tokens', 'pseudo_tokens', 'label_index_mapping', 'batch_size', 'gradient_accumulation_steps', 'learning_rate', 'a_lstm_hidden_size', 'v_lstm_hidden_size', 'a_lstm_layers', 'v_lstm_layers', 'a_lstm_dropout', 'v_lstm_dropout', 'warm_up_epochs', 'gamma', 'update_epochs', 'early_stop', 'max_epochs', 'H']
2026-07-02 11:59:13:INFO:CLI override: batch_size = 24 (config default: 24)
2026-07-02 11:59:13:INFO:CLI override: gradient_accumulation_steps = 2 (config default: 2)
2026-07-02 11:59:13:INFO:CLI override: learning_rate = 5e-05 (config default: 5e-05)
2026-07-02 11:59:13:INFO:Start running hmmem...
2026-07-02 11:59:13:INFO:<Storage{'is_tune': False, 'train_mode': 'classification', 'modelName': 'hmmem', 'model_type': 'llama2', 'datasetName': 'iemocap4', 'root_dataset_dir': '/root/autodl-tmp/datasets/', 'data_dir': 'MELD_UniMSE', 'num_workers': 4, 'model_save_dir': '/root/autodl-tmp/results/models', 'res_save_dir': '/root/autodl-tmp/results/results', 'pretrain_LM': '/root/autodl-tmp/models/Llama-2-7b', 'gpu_ids': [], 'seeds': [1234, 2234, 3234, 4234, 5234], 'use_tgm': False, 'use_origin_amm': False, 'use_amm': True, 'amm_mode': 'hierarchical', 'num_emotion_prototypes': 4, 'use_atgfbff': False, 'use_atgfbff_loss': True, 'use_shared_offset': False, 'use_shared_offset_loss': True, 'shared_offset_mode': 'gate', 'alpha_align': 0.6, 'beta_fiber': 0.1, 'beta_offset': 0.1, 'num_latents': 4, 'use_mslaf': False, 'use_tcap': False, 'use_amm_align_loss': True, 'alpha_amm': 0.5, 'beta_moe': 0.1, 'bypass_scale_init': 0.3, 'use_msf': False, 'use_moe_fusion': False, 'use_sd_moe': True, 'use_gate': False, 'use_moe_lb_loss': False, 'num_local_experts': 3, 'expert_bottleneck': 64, 'use_qformer': False, 'qformer_num_queries': 8, 'qformer_layers': 4, 'qformer_heads': 8, 'qformer_d_model': 256, 'use_cross_attn_expander': False, 'use_diff_loss': False, 'use_expert_diff_loss': False, 'diff_loss_weight': 1.0, 'use_nce_loss': False, 'nce_hidden_dim': 32, 'nce_pred_steps': 2, 'nce_weight': 1.0, 'lb_loss_weight': 1.0, 'adapter_dim': 128, 'audio_adapter_dim': None, 'video_adapter_dim': None, 'iemocap_feature_mode': 'compressed', 'meld_feature_mode': 'raw', 'mosei_feature_mode': 'legacy', 'a_lstm_hidden_size': 64, 'v_lstm_hidden_size': 32, 'use_lora': False, 'lora_r': 16, 'lora_alpha': 32, 'lora_dropout': 0.05, 'lora_target_modules': 'q_proj,v_proj', 'lora_warmup_epochs': 0, 'lora_lr': 2e-05, 'use_int8': False, 'modalities': 'tav', 'use_bilstm': False, 'modality_dropout_p': 0.0, 'use_oversampling': False, 'oversampling_alpha': 0.5, 'label_format': 'index', 'use_cls_head': False, 'use_context': True, 'text_seq_len': 128, 'prompt_context': False, 'context_max_tokens': 64, 'context_window': 12, 'use_speaker_tag': True, 'raw_av_mode': 'none', 'av_pseudo_tokens': 4, 'prompt_style': 'default', 'batch_size': 24, 'learning_rate': 5e-05, 'max_epochs': 50, 'warm_up_epochs': 30, 'early_stop': 8, 'gradient_accumulation_steps': 2, 'resume_checkpoint': None, 'ckpt_save_interval': 5, 'eval_only': False, 'eval_model_path': None, 'tsne_max_per_class': 150, 'timestamp': '20260702_115912', 'dataPath': '/root/autodl-tmp/datasets/MELD_UniMSE/iemocap_data_0610.pkl', 'seq_lens': (128, 157, 32), 'feature_dims': (0, 64, 64), 'train_samples': 4290, 'num_classes': 4, 'language': 'en', 'KeyEval': 'weight_F1', 'need_data_aligned': False, 'need_model_aligned': False, 'need_label_prefix': True, 'need_normalized': False, 'use_PLM': True, 'save_labels': False, 'task_specific_prompt': 'Please recognize the emotion of the above multimodal content from the target set <angry:0, happy:1, sad:2, neutral:3>. Assistant: The emotion is', 'max_new_tokens': 2, 'pseudo_tokens': 4, 'label_index_mapping': {'angry': 0, 'happy': 1, 'sad': 2, 'neutral': 3}, 'a_lstm_layers': 1, 'v_lstm_layers': 1, 'a_lstm_dropout': 0.0, 'v_lstm_dropout': 0.0, 'gamma': 1, 'update_epochs': 1, 'H': 3.0, 'seed': 1234}>
2026-07-02 11:59:13:INFO:Find gpu: 0, with memory: 509607936 left!
2026-07-02 11:59:13:INFO:Let's use the GPU 1 !
2026-07-02 11:59:34:INFO:========= 准备训练数据集: iemocap4 (classification) =========
2026-07-02 11:59:34:INFO:[ConfigResolver] model_type=llama2, dataset=iemocap4, task=classification, profile_keys=['pretrain_LM', 'lora_target_modules', 'task_specific_prompt', 'max_new_tokens', 'pseudo_tokens', 'label_index_mapping', 'batch_size', 'gradient_accumulation_steps', 'learning_rate', 'a_lstm_hidden_size', 'v_lstm_hidden_size', 'a_lstm_layers', 'v_lstm_layers', 'a_lstm_dropout', 'v_lstm_dropout', 'warm_up_epochs', 'gamma', 'update_epochs', 'early_stop', 'max_epochs', 'H']
2026-07-02 11:59:34:INFO:CLI override: batch_size = 24 (config default: 24)
2026-07-02 11:59:34:INFO:CLI override: gradient_accumulation_steps = 2 (config default: 2)
2026-07-02 11:59:34:INFO:CLI override: learning_rate = 5e-05 (config default: 5e-05)
2026-07-02 11:59:34:INFO:Start running hmmem...
2026-07-02 11:59:34:INFO:<Storage{'is_tune': False, 'train_mode': 'classification', 'modelName': 'hmmem', 'model_type': 'llama2', 'datasetName': 'iemocap4', 'root_dataset_dir': '/root/autodl-tmp/datasets/', 'data_dir': 'IEMOCAP_UniMSE', 'num_workers': 4, 'model_save_dir': '/root/autodl-tmp/results/models', 'res_save_dir': '/root/autodl-tmp/results/results', 'pretrain_LM': '/root/autodl-tmp/models/Llama-2-7b', 'gpu_ids': [], 'seeds': [1234, 2234, 3234, 4234, 5234], 'use_tgm': False, 'use_origin_amm': False, 'use_amm': True, 'amm_mode': 'hierarchical', 'num_emotion_prototypes': 4, 'use_atgfbff': False, 'use_atgfbff_loss': True, 'use_shared_offset': False, 'use_shared_offset_loss': True, 'shared_offset_mode': 'gate', 'alpha_align': 0.6, 'beta_fiber': 0.1, 'beta_offset': 0.1, 'num_latents': 4, 'use_mslaf': False, 'use_tcap': False, 'use_amm_align_loss': True, 'alpha_amm': 0.5, 'beta_moe': 0.1, 'bypass_scale_init': 0.3, 'use_msf': False, 'use_moe_fusion': False, 'use_sd_moe': True, 'use_gate': False, 'use_moe_lb_loss': False, 'num_local_experts': 3, 'expert_bottleneck': 64, 'use_qformer': False, 'qformer_num_queries': 8, 'qformer_layers': 4, 'qformer_heads': 8, 'qformer_d_model': 256, 'use_cross_attn_expander': False, 'use_diff_loss': False, 'use_expert_diff_loss': False, 'diff_loss_weight': 1.0, 'use_nce_loss': False, 'nce_hidden_dim': 32, 'nce_pred_steps': 2, 'nce_weight': 1.0, 'lb_loss_weight': 1.0, 'adapter_dim': 128, 'audio_adapter_dim': None, 'video_adapter_dim': None, 'iemocap_feature_mode': 'compressed', 'meld_feature_mode': 'raw', 'mosei_feature_mode': 'legacy', 'a_lstm_hidden_size': 64, 'v_lstm_hidden_size': 32, 'use_lora': False, 'lora_r': 16, 'lora_alpha': 32, 'lora_dropout': 0.05, 'lora_target_modules': 'q_proj,v_proj', 'lora_warmup_epochs': 0, 'lora_lr': 2e-05, 'use_int8': False, 'modalities': 'tav', 'use_bilstm': False, 'modality_dropout_p': 0.0, 'use_oversampling': False, 'oversampling_alpha': 0.5, 'label_format': 'index', 'use_cls_head': False, 'use_context': True, 'text_seq_len': 128, 'prompt_context': False, 'context_max_tokens': 64, 'context_window': 12, 'use_speaker_tag': True, 'raw_av_mode': 'none', 'av_pseudo_tokens': 4, 'prompt_style': 'default', 'batch_size': 24, 'learning_rate': 5e-05, 'max_epochs': 50, 'warm_up_epochs': 30, 'early_stop': 8, 'gradient_accumulation_steps': 2, 'resume_checkpoint': None, 'ckpt_save_interval': 5, 'eval_only': False, 'eval_model_path': None, 'tsne_max_per_class': 150, 'timestamp': '20260702_115934', 'dataPath': '/root/autodl-tmp/datasets/IEMOCAP_UniMSE/iemocap_data_0610.pkl', 'seq_lens': (128, 157, 32), 'feature_dims': (0, 64, 64), 'train_samples': 4290, 'num_classes': 4, 'language': 'en', 'KeyEval': 'weight_F1', 'need_data_aligned': False, 'need_model_aligned': False, 'need_label_prefix': True, 'need_normalized': False, 'use_PLM': True, 'save_labels': False, 'task_specific_prompt': 'Please recognize the emotion of the above multimodal content from the target set <angry:0, happy:1, sad:2, neutral:3>. Assistant: The emotion is', 'max_new_tokens': 2, 'pseudo_tokens': 4, 'label_index_mapping': {'angry': 0, 'happy': 1, 'sad': 2, 'neutral': 3}, 'a_lstm_layers': 1, 'v_lstm_layers': 1, 'a_lstm_dropout': 0.0, 'v_lstm_dropout': 0.0, 'gamma': 1, 'update_epochs': 1, 'H': 3.0, 'seed': 1234}>
2026-07-02 11:59:34:INFO:Find gpu: 0, with memory: 509607936 left!
2026-07-02 11:59:34:INFO:Let's use the GPU 1 !
2026-07-02 11:59:35:INFO:Using pre-parsed CSV files from: /root/autodl-tmp/datasets/IEMOCAP/iemocap_text
2026-07-02 11:59:35:INFO:IEMOCAP train split loaded 3915/5354 samples (drop: missing_meta=117, unknown_emo=1322, mapping_missing=0, missing_modal=0)
2026-07-02 11:59:37:INFO:Using pre-parsed CSV files from: /root/autodl-tmp/datasets/IEMOCAP/iemocap_text
2026-07-02 11:59:37:INFO:IEMOCAP valid split loaded 375/528 samples (drop: missing_meta=7, unknown_emo=146, mapping_missing=0, missing_modal=0)
2026-07-02 11:59:38:INFO:Using pre-parsed CSV files from: /root/autodl-tmp/datasets/IEMOCAP/iemocap_text
2026-07-02 11:59:38:INFO:IEMOCAP test split loaded 1241/1650 samples (drop: missing_meta=28, unknown_emo=381, mapping_missing=0, missing_modal=0)
2026-07-02 12:00:08:INFO:torch.compile enabled for: audio_LSTM, video_LSTM, mixer, shared_proj, global_moe, local_moe, moe_msf
2026-07-02 12:00:08:INFO:trainable params: 3671182 || all params: 6742086798 || trainable%: 0.05445171665676322
2026-07-02 12:00:08:INFO:Single-LR optimizer: 86 tensors, lr=5e-05
2026-07-02 12:00:08:INFO:Init labels...
2026-07-02 12:00:08:INFO:Start training...
2026-07-02 12:00:08:INFO:  Batch size = 24
2026-07-02 12:00:08:INFO:  Gradient Accumulation steps = 2
2026-07-02 12:00:08:INFO:  Effective batch size = 48
2026-07-02 12:00:08:INFO:  AMP dtype = torch.bfloat16
2026-07-02 12:04:35:INFO:TRAIN-(hmmem) (1/1/1)>> loss: 3.3399
2026-07-02 12:04:40:INFO:[GenDebug] model_type=llama2, max_new_tokens=2
2026-07-02 12:04:40:INFO:[GenDebug] inputs_embeds.shape=torch.Size([24, 188, 4096]), outputs.shape=torch.Size([24, 3])
2026-07-02 12:04:40:INFO:[GenDebug] outputs[0] token IDs: [1, 263, 11223]
2026-07-02 12:04:40:INFO:[GenDebug] outputs[0] full decode: 'a feeling'
2026-07-02 12:04:40:INFO:[GenDebug] decoded responses[:8]: ['a feeling', '2', '2', '2', '2', '2', '2', '2']
2026-07-02 12:04:48:INFO:VAL-(hmmem) >>
2026-07-02 12:04:48:INFO:M: >>  acc: 0.1760  UA: 0.2101  weight_F1: 0.0964  Macro_F1: 0.1115 
2026-07-02 12:04:56:INFO:Saving best model at epoch 1 to /root/autodl-tmp/results/models/hmmem-llama2-iemocap4-classification-20260702_115934.pth.
2026-07-02 12:09:16:INFO:TRAIN-(hmmem) (1/2/1)>> loss: 1.4876
2026-07-02 12:09:25:INFO:VAL-(hmmem) >>
2026-07-02 12:09:25:INFO:M: >>  acc: 0.3013  UA: 0.2453  weight_F1: 0.2468  Macro_F1: 0.2126 
2026-07-02 12:09:33:INFO:Saving best model at epoch 2 to /root/autodl-tmp/results/models/hmmem-llama2-iemocap4-classification-20260702_115934.pth.
2026-07-02 12:13:53:INFO:TRAIN-(hmmem) (1/3/1)>> loss: 1.0720
2026-07-02 12:14:02:INFO:VAL-(hmmem) >>
2026-07-02 12:14:02:INFO:M: >>  acc: 0.2480  UA: 0.2912  weight_F1: 0.2087  Macro_F1: 0.1980 
2026-07-02 12:18:18:INFO:TRAIN-(hmmem) (2/4/1)>> loss: 0.8409
2026-07-02 12:18:27:INFO:VAL-(hmmem) >>
2026-07-02 12:18:27:INFO:M: >>  acc: 0.5013  UA: 0.4832  weight_F1: 0.4746  Macro_F1: 0.4563 
2026-07-02 12:18:34:INFO:Saving best model at epoch 4 to /root/autodl-tmp/results/models/hmmem-llama2-iemocap4-classification-20260702_115934.pth.
2026-07-02 12:22:53:INFO:TRAIN-(hmmem) (1/5/1)>> loss: 0.6730
2026-07-02 12:23:02:INFO:VAL-(hmmem) >>
2026-07-02 12:23:02:INFO:M: >>  acc: 0.5467  UA: 0.6000  weight_F1: 0.5013  Macro_F1: 0.5250 
2026-07-02 12:23:09:INFO:Saving best model at epoch 5 to /root/autodl-tmp/results/models/hmmem-llama2-iemocap4-classification-20260702_115934.pth.
2026-07-02 12:23:21:INFO:Checkpoint saved at epoch 5 -> /root/autodl-tmp/results/models/checkpoints/hmmem-llama2-iemocap4-classification-20260702_115934-epoch5.ckpt
2026-07-02 12:27:38:INFO:TRAIN-(hmmem) (1/6/1)>> loss: 0.5976
2026-07-02 12:27:47:INFO:VAL-(hmmem) >>
2026-07-02 12:27:47:INFO:M: >>  acc: 0.6427  UA: 0.6843  weight_F1: 0.6427  Macro_F1: 0.6476 
2026-07-02 12:27:55:INFO:Saving best model at epoch 6 to /root/autodl-tmp/results/models/hmmem-llama2-iemocap4-classification-20260702_115934.pth.
2026-07-02 12:32:14:INFO:TRAIN-(hmmem) (1/7/1)>> loss: 0.5314
2026-07-02 12:32:22:INFO:VAL-(hmmem) >>
2026-07-02 12:32:22:INFO:M: >>  acc: 0.5787  UA: 0.6457  weight_F1: 0.5542  Macro_F1: 0.5742 
2026-07-02 12:36:39:INFO:TRAIN-(hmmem) (2/8/1)>> loss: 0.4918
2026-07-02 12:36:47:INFO:VAL-(hmmem) >>
2026-07-02 12:36:47:INFO:M: >>  acc: 0.6560  UA: 0.6868  weight_F1: 0.6534  Macro_F1: 0.6578 
2026-07-02 12:36:55:INFO:Saving best model at epoch 8 to /root/autodl-tmp/results/models/hmmem-llama2-iemocap4-classification-20260702_115934.pth.
2026-07-02 12:41:14:INFO:TRAIN-(hmmem) (1/9/1)>> loss: 0.4612
2026-07-02 12:41:22:INFO:VAL-(hmmem) >>
2026-07-02 12:41:22:INFO:M: >>  acc: 0.6187  UA: 0.6439  weight_F1: 0.6174  Macro_F1: 0.6153 
2026-07-02 12:45:39:INFO:TRAIN-(hmmem) (2/10/1)>> loss: 0.4196
2026-07-02 12:45:47:INFO:VAL-(hmmem) >>
2026-07-02 12:45:47:INFO:M: >>  acc: 0.6613  UA: 0.7085  weight_F1: 0.6480  Macro_F1: 0.6661 
2026-07-02 12:45:57:INFO:Checkpoint saved at epoch 10 -> /root/autodl-tmp/results/models/checkpoints/hmmem-llama2-iemocap4-classification-20260702_115934-epoch10.ckpt
2026-07-02 12:50:14:INFO:TRAIN-(hmmem) (3/11/1)>> loss: 0.4073
2026-07-02 12:50:22:INFO:VAL-(hmmem) >>
2026-07-02 12:50:22:INFO:M: >>  acc: 0.6587  UA: 0.6662  weight_F1: 0.6629  Macro_F1: 0.6536 
2026-07-02 12:50:30:INFO:Saving best model at epoch 11 to /root/autodl-tmp/results/models/hmmem-llama2-iemocap4-classification-20260702_115934.pth.
2026-07-02 12:54:49:INFO:TRAIN-(hmmem) (1/12/1)>> loss: 0.3797
2026-07-02 12:54:58:INFO:VAL-(hmmem) >>
2026-07-02 12:54:58:INFO:M: >>  acc: 0.6507  UA: 0.6776  weight_F1: 0.6523  Macro_F1: 0.6554 
2026-07-02 12:59:14:INFO:TRAIN-(hmmem) (2/13/1)>> loss: 0.3580
2026-07-02 12:59:22:INFO:VAL-(hmmem) >>
2026-07-02 12:59:22:INFO:M: >>  acc: 0.6987  UA: 0.7228  weight_F1: 0.6996  Macro_F1: 0.7054 
2026-07-02 12:59:29:INFO:Saving best model at epoch 13 to /root/autodl-tmp/results/models/hmmem-llama2-iemocap4-classification-20260702_115934.pth.
2026-07-02 13:03:49:INFO:TRAIN-(hmmem) (1/14/1)>> loss: 0.3461
2026-07-02 13:03:58:INFO:VAL-(hmmem) >>
2026-07-02 13:03:58:INFO:M: >>  acc: 0.6373  UA: 0.6783  weight_F1: 0.6431  Macro_F1: 0.6482 
2026-07-02 13:08:15:INFO:TRAIN-(hmmem) (2/15/1)>> loss: 0.3375
2026-07-02 13:08:23:INFO:VAL-(hmmem) >>
2026-07-02 13:08:23:INFO:M: >>  acc: 0.6640  UA: 0.7110  weight_F1: 0.6595  Macro_F1: 0.6740 
2026-07-02 13:08:33:INFO:Checkpoint saved at epoch 15 -> /root/autodl-tmp/results/models/checkpoints/hmmem-llama2-iemocap4-classification-20260702_115934-epoch15.ckpt
2026-07-02 13:12:50:INFO:TRAIN-(hmmem) (3/16/1)>> loss: 0.3239
2026-07-02 13:12:59:INFO:VAL-(hmmem) >>
2026-07-02 13:12:59:INFO:M: >>  acc: 0.6853  UA: 0.7119  weight_F1: 0.6875  Macro_F1: 0.6938 
2026-07-02 13:17:15:INFO:TRAIN-(hmmem) (4/17/1)>> loss: 0.3042
2026-07-02 13:17:24:INFO:VAL-(hmmem) >>
2026-07-02 13:17:24:INFO:M: >>  acc: 0.7253  UA: 0.7531  weight_F1: 0.7254  Macro_F1: 0.7325 
2026-07-02 13:17:31:INFO:Saving best model at epoch 17 to /root/autodl-tmp/results/models/hmmem-llama2-iemocap4-classification-20260702_115934.pth.
2026-07-02 13:21:51:INFO:TRAIN-(hmmem) (1/18/1)>> loss: 0.2916
2026-07-02 13:21:59:INFO:VAL-(hmmem) >>
2026-07-02 13:21:59:INFO:M: >>  acc: 0.7253  UA: 0.7557  weight_F1: 0.7245  Macro_F1: 0.7340 
2026-07-02 13:26:16:INFO:TRAIN-(hmmem) (2/19/1)>> loss: 0.2856
2026-07-02 13:26:25:INFO:VAL-(hmmem) >>
2026-07-02 13:26:25:INFO:M: >>  acc: 0.7227  UA: 0.7472  weight_F1: 0.7234  Macro_F1: 0.7345 
2026-07-02 13:30:41:INFO:TRAIN-(hmmem) (3/20/1)>> loss: 0.2787
2026-07-02 13:30:50:INFO:VAL-(hmmem) >>
2026-07-02 13:30:50:INFO:M: >>  acc: 0.7147  UA: 0.7351  weight_F1: 0.7167  Macro_F1: 0.7228 
2026-07-02 13:30:59:INFO:Checkpoint saved at epoch 20 -> /root/autodl-tmp/results/models/checkpoints/hmmem-llama2-iemocap4-classification-20260702_115934-epoch20.ckpt
2026-07-02 13:31:00:INFO:Removed old checkpoint: /root/autodl-tmp/results/models/checkpoints/hmmem-llama2-iemocap4-classification-20260702_115934-epoch5.ckpt
2026-07-02 13:35:16:INFO:TRAIN-(hmmem) (4/21/1)>> loss: 0.2638
2026-07-02 13:35:25:INFO:VAL-(hmmem) >>
2026-07-02 13:35:25:INFO:M: >>  acc: 0.7253  UA: 0.7542  weight_F1: 0.7248  Macro_F1: 0.7320 
2026-07-02 13:39:42:INFO:TRAIN-(hmmem) (5/22/1)>> loss: 0.2578
2026-07-02 13:39:50:INFO:VAL-(hmmem) >>
2026-07-02 13:39:50:INFO:M: >>  acc: 0.7227  UA: 0.7445  weight_F1: 0.7234  Macro_F1: 0.7269 
2026-07-02 13:44:07:INFO:TRAIN-(hmmem) (6/23/1)>> loss: 0.2499
2026-07-02 13:44:15:INFO:VAL-(hmmem) >>
2026-07-02 13:44:15:INFO:M: >>  acc: 0.7360  UA: 0.7645  weight_F1: 0.7351  Macro_F1: 0.7440 
2026-07-02 13:44:23:INFO:Saving best model at epoch 23 to /root/autodl-tmp/results/models/hmmem-llama2-iemocap4-classification-20260702_115934.pth.
2026-07-02 13:48:42:INFO:TRAIN-(hmmem) (1/24/1)>> loss: 0.2428
2026-07-02 13:48:51:INFO:VAL-(hmmem) >>
2026-07-02 13:48:51:INFO:M: >>  acc: 0.7413  UA: 0.7633  weight_F1: 0.7415  Macro_F1: 0.7464 
2026-07-02 13:48:58:INFO:Saving best model at epoch 24 to /root/autodl-tmp/results/models/hmmem-llama2-iemocap4-classification-20260702_115934.pth.
2026-07-02 13:53:18:INFO:TRAIN-(hmmem) (1/25/1)>> loss: 0.2392
2026-07-02 13:53:26:INFO:VAL-(hmmem) >>
2026-07-02 13:53:26:INFO:M: >>  acc: 0.7360  UA: 0.7656  weight_F1: 0.7363  Macro_F1: 0.7426 
2026-07-02 13:53:36:INFO:Checkpoint saved at epoch 25 -> /root/autodl-tmp/results/models/checkpoints/hmmem-llama2-iemocap4-classification-20260702_115934-epoch25.ckpt
2026-07-02 13:53:36:INFO:Removed old checkpoint: /root/autodl-tmp/results/models/checkpoints/hmmem-llama2-iemocap4-classification-20260702_115934-epoch10.ckpt
2026-07-02 13:57:53:INFO:TRAIN-(hmmem) (2/26/1)>> loss: 0.2314
2026-07-02 13:58:01:INFO:VAL-(hmmem) >>
2026-07-02 13:58:01:INFO:M: >>  acc: 0.7333  UA: 0.7625  weight_F1: 0.7335  Macro_F1: 0.7413 
2026-07-02 14:02:18:INFO:TRAIN-(hmmem) (3/27/1)>> loss: 0.2307
2026-07-02 14:02:27:INFO:VAL-(hmmem) >>
2026-07-02 14:02:27:INFO:M: >>  acc: 0.7227  UA: 0.7522  weight_F1: 0.7224  Macro_F1: 0.7287 
2026-07-02 14:06:43:INFO:TRAIN-(hmmem) (4/28/1)>> loss: 0.2287
2026-07-02 14:06:52:INFO:VAL-(hmmem) >>
2026-07-02 14:06:52:INFO:M: >>  acc: 0.7440  UA: 0.7681  weight_F1: 0.7445  Macro_F1: 0.7504 
2026-07-02 14:06:59:INFO:Saving best model at epoch 28 to /root/autodl-tmp/results/models/hmmem-llama2-iemocap4-classification-20260702_115934.pth.
2026-07-02 14:11:18:INFO:TRAIN-(hmmem) (1/29/1)>> loss: 0.2237
2026-07-02 14:11:27:INFO:VAL-(hmmem) >>
2026-07-02 14:11:27:INFO:M: >>  acc: 0.7227  UA: 0.7507  weight_F1: 0.7225  Macro_F1: 0.7299 
2026-07-02 14:15:44:INFO:TRAIN-(hmmem) (2/30/1)>> loss: 0.2246
2026-07-02 14:15:52:INFO:VAL-(hmmem) >>
2026-07-02 14:15:52:INFO:M: >>  acc: 0.7307  UA: 0.7590  weight_F1: 0.7304  Macro_F1: 0.7380 
2026-07-02 14:16:02:INFO:Checkpoint saved at epoch 30 -> /root/autodl-tmp/results/models/checkpoints/hmmem-llama2-iemocap4-classification-20260702_115934-epoch30.ckpt
2026-07-02 14:16:03:INFO:Removed old checkpoint: /root/autodl-tmp/results/models/checkpoints/hmmem-llama2-iemocap4-classification-20260702_115934-epoch15.ckpt
2026-07-02 14:20:19:INFO:TRAIN-(hmmem) (3/31/1)>> loss: 0.2248
2026-07-02 14:20:28:INFO:VAL-(hmmem) >>
2026-07-02 14:20:28:INFO:M: >>  acc: 0.7360  UA: 0.7647  weight_F1: 0.7361  Macro_F1: 0.7418 
2026-07-02 14:24:45:INFO:TRAIN-(hmmem) (4/32/1)>> loss: 0.2234
2026-07-02 14:24:54:INFO:VAL-(hmmem) >>
2026-07-02 14:24:54:INFO:M: >>  acc: 0.7307  UA: 0.7597  weight_F1: 0.7301  Macro_F1: 0.7371 
2026-07-02 14:29:11:INFO:TRAIN-(hmmem) (5/33/1)>> loss: 0.2240
2026-07-02 14:29:19:INFO:VAL-(hmmem) >>
2026-07-02 14:29:19:INFO:M: >>  acc: 0.7307  UA: 0.7597  weight_F1: 0.7304  Macro_F1: 0.7371 
2026-07-02 14:33:36:INFO:TRAIN-(hmmem) (6/34/1)>> loss: 0.2256
2026-07-02 14:33:45:INFO:VAL-(hmmem) >>
2026-07-02 14:33:45:INFO:M: >>  acc: 0.7360  UA: 0.7668  weight_F1: 0.7349  Macro_F1: 0.7428 
2026-07-02 14:38:02:INFO:TRAIN-(hmmem) (7/35/1)>> loss: 0.2286
2026-07-02 14:38:11:INFO:VAL-(hmmem) >>
2026-07-02 14:38:11:INFO:M: >>  acc: 0.7280  UA: 0.7539  weight_F1: 0.7289  Macro_F1: 0.7346 
2026-07-02 14:38:29:INFO:Checkpoint saved at epoch 35 -> /root/autodl-tmp/results/models/checkpoints/hmmem-llama2-iemocap4-classification-20260702_115934-epoch35.ckpt
2026-07-02 14:38:30:INFO:Removed old checkpoint: /root/autodl-tmp/results/models/checkpoints/hmmem-llama2-iemocap4-classification-20260702_115934-epoch20.ckpt
2026-07-02 14:42:47:INFO:TRAIN-(hmmem) (8/36/1)>> loss: 0.2297
2026-07-02 14:42:56:INFO:VAL-(hmmem) >>
2026-07-02 14:42:56:INFO:M: >>  acc: 0.7307  UA: 0.7543  weight_F1: 0.7320  Macro_F1: 0.7372 
2026-07-02 14:43:24:INFO:TEST-(hmmem) >>
2026-07-02 14:43:24:INFO:M: >>  acc: 0.7333  UA: 0.7328  weight_F1: 0.7354  Macro_F1: 0.7363 
2026-07-02 14:43:24:INFO:============================================================
2026-07-02 14:43:24:INFO:         Detailed Classification Analysis
2026-07-02 14:43:24:INFO:============================================================
2026-07-02 14:43:24:INFO:         Class     Prec   Recall       F1   Support
2026-07-02 14:43:24:INFO:------------------------------------------------------------
2026-07-02 14:43:24:INFO:         angry   0.7514   0.7824   0.7666       170
2026-07-02 14:43:24:INFO:         happy   0.8225   0.7443   0.7815       442
2026-07-02 14:43:24:INFO:           sad   0.7892   0.6571   0.7171       245
2026-07-02 14:43:24:INFO:       neutral   0.6239   0.7474   0.6801       384
2026-07-02 14:43:24:INFO:------------------------------------------------------------
2026-07-02 14:43:24:INFO:  WA  (Weighted Accuracy) : 0.7333
2026-07-02 14:43:24:INFO:  UA  (Unweighted Accuracy): 0.7328
2026-07-02 14:43:24:INFO:  WF1 (Weighted F1)       : 0.7354
2026-07-02 14:43:24:INFO:  Macro-F1                : 0.7363
2026-07-02 14:43:24:INFO:============================================================
2026-07-02 14:43:25:INFO:Confusion matrix saved → /root/autodl-tmp/results/results/analysis/hmmem-llama2-iemocap4-20260702_115934/hmmem-llama2-iemocap4-TEST-confusion_matrix.png (+.svg)
2026-07-02 14:43:25:INFO:t-SNE features saved → /root/autodl-tmp/results/results/analysis/hmmem-llama2-iemocap4-20260702_115934/hmmem-llama2-iemocap4-TEST-tsne_features.npz
2026-07-02 14:43:25:INFO:t-SNE balanced sampling: 1241 → 600 (max_per_class=150)
2026-07-02 14:43:32:INFO:Emotion t-SNE saved → /root/autodl-tmp/results/results/analysis/hmmem-llama2-iemocap4-20260702_115934/hmmem-llama2-iemocap4-TEST-tsne_emotion_true.png (+.svg, +pred)
2026-07-02 14:43:59:INFO:Modality t-SNE saved → /root/autodl-tmp/results/results/analysis/hmmem-llama2-iemocap4-20260702_115934/hmmem-llama2-iemocap4-TEST-tsne_modality.png (+.svg)
2026-07-02 14:44:01:INFO:Results are added to /root/autodl-tmp/results/results/hmmem-llama2-iemocap4-classification.csv...
2026-07-02 14:44:01:INFO:[ConfigResolver] model_type=llama2, dataset=iemocap4, task=classification, profile_keys=['pretrain_LM', 'lora_target_modules', 'task_specific_prompt', 'max_new_tokens', 'pseudo_tokens', 'label_index_mapping', 'batch_size', 'gradient_accumulation_steps', 'learning_rate', 'a_lstm_hidden_size', 'v_lstm_hidden_size', 'a_lstm_layers', 'v_lstm_layers', 'a_lstm_dropout', 'v_lstm_dropout', 'warm_up_epochs', 'gamma', 'update_epochs', 'early_stop', 'max_epochs', 'H']
2026-07-02 14:44:01:INFO:CLI override: batch_size = 24 (config default: 24)
2026-07-02 14:44:01:INFO:CLI override: gradient_accumulation_steps = 2 (config default: 2)
2026-07-02 14:44:01:INFO:CLI override: learning_rate = 5e-05 (config default: 5e-05)
2026-07-02 14:44:01:INFO:Start running hmmem...
2026-07-02 14:44:01:INFO:<Storage{'is_tune': False, 'train_mode': 'classification', 'modelName': 'hmmem', 'model_type': 'llama2', 'datasetName': 'iemocap4', 'root_dataset_dir': '/root/autodl-tmp/datasets/', 'data_dir': 'IEMOCAP_UniMSE', 'num_workers': 4, 'model_save_dir': '/root/autodl-tmp/results/models', 'res_save_dir': '/root/autodl-tmp/results/results', 'pretrain_LM': '/root/autodl-tmp/models/Llama-2-7b', 'gpu_ids': [0], 'seeds': [1234, 2234, 3234, 4234, 5234], 'use_tgm': False, 'use_origin_amm': False, 'use_amm': True, 'amm_mode': 'hierarchical', 'num_emotion_prototypes': 4, 'use_atgfbff': False, 'use_atgfbff_loss': True, 'use_shared_offset': False, 'use_shared_offset_loss': True, 'shared_offset_mode': 'gate', 'alpha_align': 0.6, 'beta_fiber': 0.1, 'beta_offset': 0.1, 'num_latents': 4, 'use_mslaf': False, 'use_tcap': False, 'use_amm_align_loss': True, 'alpha_amm': 0.5, 'beta_moe': 0.1, 'bypass_scale_init': 0.3, 'use_msf': False, 'use_moe_fusion': False, 'use_sd_moe': True, 'use_gate': False, 'use_moe_lb_loss': False, 'num_local_experts': 3, 'expert_bottleneck': 64, 'use_qformer': False, 'qformer_num_queries': 8, 'qformer_layers': 4, 'qformer_heads': 8, 'qformer_d_model': 256, 'use_cross_attn_expander': False, 'use_diff_loss': False, 'use_expert_diff_loss': False, 'diff_loss_weight': 1.0, 'use_nce_loss': False, 'nce_hidden_dim': 32, 'nce_pred_steps': 2, 'nce_weight': 1.0, 'lb_loss_weight': 1.0, 'adapter_dim': 128, 'audio_adapter_dim': None, 'video_adapter_dim': None, 'iemocap_feature_mode': 'compressed', 'meld_feature_mode': 'raw', 'mosei_feature_mode': 'legacy', 'a_lstm_hidden_size': 64, 'v_lstm_hidden_size': 32, 'use_lora': False, 'lora_r': 16, 'lora_alpha': 32, 'lora_dropout': 0.05, 'lora_target_modules': 'q_proj,v_proj', 'lora_warmup_epochs': 0, 'lora_lr': 2e-05, 'use_int8': False, 'modalities': 'tav', 'use_bilstm': False, 'modality_dropout_p': 0.0, 'use_oversampling': False, 'oversampling_alpha': 0.5, 'label_format': 'index', 'use_cls_head': False, 'use_context': True, 'text_seq_len': 128, 'prompt_context': False, 'context_max_tokens': 64, 'context_window': 12, 'use_speaker_tag': True, 'raw_av_mode': 'none', 'av_pseudo_tokens': 4, 'prompt_style': 'default', 'batch_size': 24, 'learning_rate': 5e-05, 'max_epochs': 50, 'warm_up_epochs': 30, 'early_stop': 8, 'gradient_accumulation_steps': 2, 'resume_checkpoint': None, 'ckpt_save_interval': 5, 'eval_only': False, 'eval_model_path': None, 'tsne_max_per_class': 150, 'timestamp': '20260702_115934', 'dataPath': '/root/autodl-tmp/datasets/IEMOCAP_UniMSE/iemocap_data_0610.pkl', 'seq_lens': (128, 157, 32), 'feature_dims': (0, 64, 64), 'train_samples': 4290, 'num_classes': 4, 'language': 'en', 'KeyEval': 'weight_F1', 'need_data_aligned': False, 'need_model_aligned': False, 'need_label_prefix': True, 'need_normalized': False, 'use_PLM': True, 'save_labels': False, 'task_specific_prompt': 'Please recognize the emotion of the above multimodal content from the target set <angry:0, happy:1, sad:2, neutral:3>. Assistant: The emotion is', 'max_new_tokens': 2, 'pseudo_tokens': 4, 'label_index_mapping': {'angry': 0, 'happy': 1, 'sad': 2, 'neutral': 3}, 'a_lstm_layers': 1, 'v_lstm_layers': 1, 'a_lstm_dropout': 0.0, 'v_lstm_dropout': 0.0, 'gamma': 1, 'update_epochs': 1, 'H': 3.0, 'seed': 2234}>
2026-07-02 14:44:01:INFO:Let's use the GPU 1 !
2026-07-02 14:44:01:INFO:Using pre-parsed CSV files from: /root/autodl-tmp/datasets/IEMOCAP/iemocap_text
2026-07-02 14:44:01:INFO:IEMOCAP train split loaded 3915/5354 samples (drop: missing_meta=117, unknown_emo=1322, mapping_missing=0, missing_modal=0)
2026-07-02 14:44:04:INFO:Using pre-parsed CSV files from: /root/autodl-tmp/datasets/IEMOCAP/iemocap_text
2026-07-02 14:44:04:INFO:IEMOCAP valid split loaded 375/528 samples (drop: missing_meta=7, unknown_emo=146, mapping_missing=0, missing_modal=0)
2026-07-02 14:44:04:INFO:Using pre-parsed CSV files from: /root/autodl-tmp/datasets/IEMOCAP/iemocap_text
2026-07-02 14:44:05:INFO:IEMOCAP test split loaded 1241/1650 samples (drop: missing_meta=28, unknown_emo=381, mapping_missing=0, missing_modal=0)
2026-07-02 14:44:24:INFO:torch.compile enabled for: audio_LSTM, video_LSTM, mixer, shared_proj, global_moe, local_moe, moe_msf
2026-07-02 14:44:24:INFO:trainable params: 3671182 || all params: 6742086798 || trainable%: 0.05445171665676322
2026-07-02 14:44:24:INFO:Single-LR optimizer: 86 tensors, lr=5e-05
2026-07-02 14:44:24:INFO:Init labels...
2026-07-02 14:44:24:INFO:Start training...
2026-07-02 14:44:24:INFO:  Batch size = 24
2026-07-02 14:44:24:INFO:  Gradient Accumulation steps = 2
2026-07-02 14:44:24:INFO:  Effective batch size = 48
2026-07-02 14:44:24:INFO:  AMP dtype = torch.bfloat16
2026-07-02 14:48:41:INFO:TRAIN-(hmmem) (1/1/2)>> loss: 4.1764
2026-07-02 14:48:42:INFO:[GenDebug] model_type=llama2, max_new_tokens=2
2026-07-02 14:48:42:INFO:[GenDebug] inputs_embeds.shape=torch.Size([24, 188, 4096]), outputs.shape=torch.Size([24, 3])
2026-07-02 14:48:42:INFO:[GenDebug] outputs[0] token IDs: [1, 263, 11223]
2026-07-02 14:48:42:INFO:[GenDebug] outputs[0] full decode: 'a feeling'
2026-07-02 14:48:42:INFO:[GenDebug] decoded responses[:8]: ['a feeling', '<ang', '<ang', '<ang', '<ang', 'neutral.', 'neutral.', '<ang']
2026-07-02 14:48:50:INFO:VAL-(hmmem) >>
2026-07-02 14:48:50:INFO:M: >>  acc: 0.3360  UA: 0.2860  weight_F1: 0.2744  Macro_F1: 0.2270 
2026-07-02 14:48:57:INFO:Saving best model at epoch 1 to /root/autodl-tmp/results/models/hmmem-llama2-iemocap4-classification-20260702_115934.pth.
2026-07-02 14:53:17:INFO:TRAIN-(hmmem) (1/2/2)>> loss: 2.5250
2026-07-02 14:53:25:INFO:VAL-(hmmem) >>
2026-07-02 14:53:25:INFO:M: >>  acc: 0.1680  UA: 0.2386  weight_F1: 0.1011  Macro_F1: 0.1277 
2026-07-02 14:57:42:INFO:TRAIN-(hmmem) (2/3/2)>> loss: 1.2556
2026-07-02 14:57:51:INFO:VAL-(hmmem) >>
2026-07-02 14:57:51:INFO:M: >>  acc: 0.2320  UA: 0.2709  weight_F1: 0.1980  Macro_F1: 0.1955 
2026-07-02 15:02:08:INFO:TRAIN-(hmmem) (3/4/2)>> loss: 1.0320
2026-07-02 15:02:16:INFO:VAL-(hmmem) >>
2026-07-02 15:02:16:INFO:M: >>  acc: 0.4347  UA: 0.4441  weight_F1: 0.4068  Macro_F1: 0.4158 
2026-07-02 15:02:23:INFO:Saving best model at epoch 4 to /root/autodl-tmp/results/models/hmmem-llama2-iemocap4-classification-20260702_115934.pth.
2026-07-02 15:06:42:INFO:TRAIN-(hmmem) (1/5/2)>> loss: 0.7203
2026-07-02 15:06:51:INFO:VAL-(hmmem) >>
2026-07-02 15:06:51:INFO:M: >>  acc: 0.6160  UA: 0.6529  weight_F1: 0.6059  Macro_F1: 0.6246 
2026-07-02 15:06:58:INFO:Saving best model at epoch 5 to /root/autodl-tmp/results/models/hmmem-llama2-iemocap4-classification-20260702_115934.pth.
2026-07-02 15:07:10:INFO:Checkpoint saved at epoch 5 -> /root/autodl-tmp/results/models/checkpoints/hmmem-llama2-iemocap4-classification-20260702_115934-epoch5.ckpt
2026-07-02 15:07:11:INFO:Removed old checkpoint: /root/autodl-tmp/results/models/checkpoints/hmmem-llama2-iemocap4-classification-20260702_115934-epoch25.ckpt
2026-07-02 15:11:28:INFO:TRAIN-(hmmem) (1/6/2)>> loss: 0.6119
2026-07-02 15:11:36:INFO:VAL-(hmmem) >>
2026-07-02 15:11:36:INFO:M: >>  acc: 0.6187  UA: 0.6724  weight_F1: 0.6045  Macro_F1: 0.6238 
2026-07-02 15:15:53:INFO:TRAIN-(hmmem) (2/7/2)>> loss: 0.5617
2026-07-02 15:16:02:INFO:VAL-(hmmem) >>
2026-07-02 15:16:02:INFO:M: >>  acc: 0.5493  UA: 0.6022  weight_F1: 0.5380  Macro_F1: 0.5548 
2026-07-02 15:20:18:INFO:TRAIN-(hmmem) (3/8/2)>> loss: 0.5291
2026-07-02 15:20:27:INFO:VAL-(hmmem) >>
2026-07-02 15:20:27:INFO:M: >>  acc: 0.6427  UA: 0.6999  weight_F1: 0.6308  Macro_F1: 0.6454 
2026-07-02 15:20:34:INFO:Saving best model at epoch 8 to /root/autodl-tmp/results/models/hmmem-llama2-iemocap4-classification-20260702_115934.pth.
2026-07-02 15:24:54:INFO:TRAIN-(hmmem) (1/9/2)>> loss: 0.5158
2026-07-02 15:25:02:INFO:VAL-(hmmem) >>
2026-07-02 15:25:02:INFO:M: >>  acc: 0.6160  UA: 0.6706  weight_F1: 0.6118  Macro_F1: 0.6247 
2026-07-02 15:29:19:INFO:TRAIN-(hmmem) (2/10/2)>> loss: 0.4858
2026-07-02 15:29:28:INFO:VAL-(hmmem) >>
2026-07-02 15:29:28:INFO:M: >>  acc: 0.6507  UA: 0.6950  weight_F1: 0.6403  Macro_F1: 0.6529 
2026-07-02 15:29:35:INFO:Saving best model at epoch 10 to /root/autodl-tmp/results/models/hmmem-llama2-iemocap4-classification-20260702_115934.pth.
2026-07-02 15:29:47:INFO:Checkpoint saved at epoch 10 -> /root/autodl-tmp/results/models/checkpoints/hmmem-llama2-iemocap4-classification-20260702_115934-epoch10.ckpt
2026-07-02 15:29:48:INFO:Removed old checkpoint: /root/autodl-tmp/results/models/checkpoints/hmmem-llama2-iemocap4-classification-20260702_115934-epoch30.ckpt
2026-07-02 15:34:05:INFO:TRAIN-(hmmem) (1/11/2)>> loss: 0.4660
2026-07-02 15:34:13:INFO:VAL-(hmmem) >>
2026-07-02 15:34:13:INFO:M: >>  acc: 0.6693  UA: 0.6994  weight_F1: 0.6678  Macro_F1: 0.6742 
2026-07-02 15:34:21:INFO:Saving best model at epoch 11 to /root/autodl-tmp/results/models/hmmem-llama2-iemocap4-classification-20260702_115934.pth.
2026-07-02 15:38:40:INFO:TRAIN-(hmmem) (1/12/2)>> loss: 0.4465
2026-07-02 15:38:49:INFO:VAL-(hmmem) >>
2026-07-02 15:38:49:INFO:M: >>  acc: 0.6747  UA: 0.7147  weight_F1: 0.6704  Macro_F1: 0.6789 
2026-07-02 15:38:56:INFO:Saving best model at epoch 12 to /root/autodl-tmp/results/models/hmmem-llama2-iemocap4-classification-20260702_115934.pth.
2026-07-02 15:43:16:INFO:TRAIN-(hmmem) (1/13/2)>> loss: 0.4249
2026-07-02 15:43:24:INFO:VAL-(hmmem) >>
2026-07-02 15:43:24:INFO:M: >>  acc: 0.6800  UA: 0.7342  weight_F1: 0.6639  Macro_F1: 0.6792 
2026-07-02 15:47:41:INFO:TRAIN-(hmmem) (2/14/2)>> loss: 0.4083
2026-07-02 15:47:50:INFO:VAL-(hmmem) >>
2026-07-02 15:47:50:INFO:M: >>  acc: 0.7013  UA: 0.7275  weight_F1: 0.7015  Macro_F1: 0.7071 
2026-07-02 15:47:57:INFO:Saving best model at epoch 14 to /root/autodl-tmp/results/models/hmmem-llama2-iemocap4-classification-20260702_115934.pth.
2026-07-02 15:52:16:INFO:TRAIN-(hmmem) (1/15/2)>> loss: 0.3867
2026-07-02 15:52:25:INFO:VAL-(hmmem) >>
2026-07-02 15:52:25:INFO:M: >>  acc: 0.6613  UA: 0.7190  weight_F1: 0.6488  Macro_F1: 0.6650 
2026-07-02 15:52:34:INFO:Checkpoint saved at epoch 15 -> /root/autodl-tmp/results/models/checkpoints/hmmem-llama2-iemocap4-classification-20260702_115934-epoch15.ckpt
2026-07-02 15:52:35:INFO:Removed old checkpoint: /root/autodl-tmp/results/models/checkpoints/hmmem-llama2-iemocap4-classification-20260702_115934-epoch35.ckpt
2026-07-02 15:56:51:INFO:TRAIN-(hmmem) (2/16/2)>> loss: 0.3753
2026-07-02 15:57:00:INFO:VAL-(hmmem) >>
2026-07-02 15:57:00:INFO:M: >>  acc: 0.7093  UA: 0.5906  weight_F1: 0.7098  Macro_F1: 0.5768 
2026-07-02 15:57:07:INFO:Saving best model at epoch 16 to /root/autodl-tmp/results/models/hmmem-llama2-iemocap4-classification-20260702_115934.pth.
2026-07-02 16:01:27:INFO:TRAIN-(hmmem) (1/17/2)>> loss: 0.3678
2026-07-02 16:01:35:INFO:VAL-(hmmem) >>
2026-07-02 16:01:35:INFO:M: >>  acc: 0.7013  UA: 0.7423  weight_F1: 0.6935  Macro_F1: 0.7079 
2026-07-02 16:05:52:INFO:TRAIN-(hmmem) (2/18/2)>> loss: 0.3635
2026-07-02 16:06:01:INFO:VAL-(hmmem) >>
2026-07-02 16:06:01:INFO:M: >>  acc: 0.6667  UA: 0.7244  weight_F1: 0.6472  Macro_F1: 0.6695 
2026-07-02 16:10:18:INFO:TRAIN-(hmmem) (3/19/2)>> loss: 0.3585
2026-07-02 16:10:27:INFO:VAL-(hmmem) >>
2026-07-02 16:10:27:INFO:M: >>  acc: 0.6933  UA: 0.7313  weight_F1: 0.6926  Macro_F1: 0.7042 
2026-07-02 16:14:44:INFO:TRAIN-(hmmem) (4/20/2)>> loss: 0.3495
2026-07-02 16:14:53:INFO:VAL-(hmmem) >>
2026-07-02 16:14:53:INFO:M: >>  acc: 0.6613  UA: 0.7221  weight_F1: 0.6467  Macro_F1: 0.6656 
2026-07-02 16:15:02:INFO:Checkpoint saved at epoch 20 -> /root/autodl-tmp/results/models/checkpoints/hmmem-llama2-iemocap4-classification-20260702_115934-epoch20.ckpt
2026-07-02 16:15:02:INFO:Removed old checkpoint: /root/autodl-tmp/results/models/checkpoints/hmmem-llama2-iemocap4-classification-20260702_115934-epoch5.ckpt
2026-07-02 16:19:20:INFO:TRAIN-(hmmem) (5/21/2)>> loss: 0.3494
2026-07-02 16:19:28:INFO:VAL-(hmmem) >>
2026-07-02 16:19:28:INFO:M: >>  acc: 0.7067  UA: 0.7536  weight_F1: 0.7008  Macro_F1: 0.7114 
2026-07-02 16:23:45:INFO:TRAIN-(hmmem) (6/22/2)>> loss: 0.3363
2026-07-02 16:23:54:INFO:VAL-(hmmem) >>
2026-07-02 16:23:54:INFO:M: >>  acc: 0.7067  UA: 0.7497  weight_F1: 0.7017  Macro_F1: 0.7119 
2026-07-02 16:28:11:INFO:TRAIN-(hmmem) (7/23/2)>> loss: 0.3349
2026-07-02 16:28:20:INFO:VAL-(hmmem) >>
2026-07-02 16:28:20:INFO:M: >>  acc: 0.7040  UA: 0.7498  weight_F1: 0.6999  Macro_F1: 0.7107 
2026-07-02 16:32:37:INFO:TRAIN-(hmmem) (8/24/2)>> loss: 0.3279
2026-07-02 16:32:45:INFO:VAL-(hmmem) >>
2026-07-02 16:32:45:INFO:M: >>  acc: 0.7280  UA: 0.7652  weight_F1: 0.7267  Macro_F1: 0.7344 
2026-07-02 16:32:53:INFO:Saving best model at epoch 24 to /root/autodl-tmp/results/models/hmmem-llama2-iemocap4-classification-20260702_115934.pth.
2026-07-02 16:37:13:INFO:TRAIN-(hmmem) (1/25/2)>> loss: 0.3275
2026-07-02 16:37:22:INFO:VAL-(hmmem) >>
2026-07-02 16:37:22:INFO:M: >>  acc: 0.7253  UA: 0.7591  weight_F1: 0.7242  Macro_F1: 0.7342 
2026-07-02 16:37:32:INFO:Checkpoint saved at epoch 25 -> /root/autodl-tmp/results/models/checkpoints/hmmem-llama2-iemocap4-classification-20260702_115934-epoch25.ckpt
2026-07-02 16:37:32:INFO:Removed old checkpoint: /root/autodl-tmp/results/models/checkpoints/hmmem-llama2-iemocap4-classification-20260702_115934-epoch10.ckpt
2026-07-02 16:41:50:INFO:TRAIN-(hmmem) (2/26/2)>> loss: 0.3221
2026-07-02 16:41:58:INFO:VAL-(hmmem) >>
2026-07-02 16:41:58:INFO:M: >>  acc: 0.7253  UA: 0.7634  weight_F1: 0.7224  Macro_F1: 0.7319 
2026-07-02 16:46:15:INFO:TRAIN-(hmmem) (3/27/2)>> loss: 0.3225
2026-07-02 16:46:24:INFO:VAL-(hmmem) >>
2026-07-02 16:46:24:INFO:M: >>  acc: 0.7227  UA: 0.7592  weight_F1: 0.7215  Macro_F1: 0.7290 
2026-07-02 16:50:41:INFO:TRAIN-(hmmem) (4/28/2)>> loss: 0.3218
2026-07-02 16:50:50:INFO:VAL-(hmmem) >>
2026-07-02 16:50:50:INFO:M: >>  acc: 0.7253  UA: 0.7618  weight_F1: 0.7223  Macro_F1: 0.7334 
2026-07-02 16:55:07:INFO:TRAIN-(hmmem) (5/29/2)>> loss: 0.3192
2026-07-02 16:55:15:INFO:VAL-(hmmem) >>
2026-07-02 16:55:15:INFO:M: >>  acc: 0.7253  UA: 0.7605  weight_F1: 0.7241  Macro_F1: 0.7341 
2026-07-02 16:59:32:INFO:TRAIN-(hmmem) (6/30/2)>> loss: 0.3186
2026-07-02 16:59:41:INFO:VAL-(hmmem) >>
2026-07-02 16:59:41:INFO:M: >>  acc: 0.7227  UA: 0.7587  weight_F1: 0.7201  Macro_F1: 0.7312 
2026-07-02 16:59:51:INFO:Checkpoint saved at epoch 30 -> /root/autodl-tmp/results/models/checkpoints/hmmem-llama2-iemocap4-classification-20260702_115934-epoch30.ckpt
2026-07-02 16:59:51:INFO:Removed old checkpoint: /root/autodl-tmp/results/models/checkpoints/hmmem-llama2-iemocap4-classification-20260702_115934-epoch15.ckpt
2026-07-02 17:04:08:INFO:TRAIN-(hmmem) (7/31/2)>> loss: 0.3197
2026-07-02 17:04:17:INFO:VAL-(hmmem) >>
2026-07-02 17:04:17:INFO:M: >>  acc: 0.7200  UA: 0.7567  weight_F1: 0.7172  Macro_F1: 0.7276 
2026-07-02 17:08:34:INFO:TRAIN-(hmmem) (8/32/2)>> loss: 0.3182
2026-07-02 17:08:42:INFO:VAL-(hmmem) >>
2026-07-02 17:08:42:INFO:M: >>  acc: 0.7253  UA: 0.7612  weight_F1: 0.7240  Macro_F1: 0.7335 
2026-07-02 17:09:11:INFO:TEST-(hmmem) >>
2026-07-02 17:09:11:INFO:M: >>  acc: 0.7438  UA: 0.7379  weight_F1: 0.7438  Macro_F1: 0.7460 
2026-07-02 17:09:11:INFO:============================================================
2026-07-02 17:09:11:INFO:         Detailed Classification Analysis
2026-07-02 17:09:11:INFO:============================================================
2026-07-02 17:09:11:INFO:         Class     Prec   Recall       F1   Support
2026-07-02 17:09:11:INFO:------------------------------------------------------------
2026-07-02 17:09:11:INFO:         angry   0.8012   0.7588   0.7795       170
2026-07-02 17:09:11:INFO:         happy   0.7656   0.8054   0.7850       442
2026-07-02 17:09:11:INFO:           sad   0.7877   0.6816   0.7309       245
2026-07-02 17:09:11:INFO:       neutral   0.6725   0.7057   0.6887       384
2026-07-02 17:09:11:INFO:------------------------------------------------------------
2026-07-02 17:09:11:INFO:  WA  (Weighted Accuracy) : 0.7438
2026-07-02 17:09:11:INFO:  UA  (Unweighted Accuracy): 0.7379
2026-07-02 17:09:11:INFO:  WF1 (Weighted F1)       : 0.7438
2026-07-02 17:09:11:INFO:  Macro-F1                : 0.7460
2026-07-02 17:09:11:INFO:============================================================
2026-07-02 17:09:12:INFO:Confusion matrix saved → /root/autodl-tmp/results/results/analysis/hmmem-llama2-iemocap4-20260702_115934/hmmem-llama2-iemocap4-TEST-confusion_matrix.png (+.svg)
2026-07-02 17:09:12:INFO:t-SNE features saved → /root/autodl-tmp/results/results/analysis/hmmem-llama2-iemocap4-20260702_115934/hmmem-llama2-iemocap4-TEST-tsne_features.npz
2026-07-02 17:09:12:INFO:t-SNE balanced sampling: 1241 → 600 (max_per_class=150)
2026-07-02 17:09:17:INFO:Emotion t-SNE saved → /root/autodl-tmp/results/results/analysis/hmmem-llama2-iemocap4-20260702_115934/hmmem-llama2-iemocap4-TEST-tsne_emotion_true.png (+.svg, +pred)
2026-07-02 17:09:42:INFO:Modality t-SNE saved → /root/autodl-tmp/results/results/analysis/hmmem-llama2-iemocap4-20260702_115934/hmmem-llama2-iemocap4-TEST-tsne_modality.png (+.svg)
2026-07-02 17:09:43:INFO:Results are added to /root/autodl-tmp/results/results/hmmem-llama2-iemocap4-classification.csv...
2026-07-02 17:09:43:INFO:[ConfigResolver] model_type=llama2, dataset=iemocap4, task=classification, profile_keys=['pretrain_LM', 'lora_target_modules', 'task_specific_prompt', 'max_new_tokens', 'pseudo_tokens', 'label_index_mapping', 'batch_size', 'gradient_accumulation_steps', 'learning_rate', 'a_lstm_hidden_size', 'v_lstm_hidden_size', 'a_lstm_layers', 'v_lstm_layers', 'a_lstm_dropout', 'v_lstm_dropout', 'warm_up_epochs', 'gamma', 'update_epochs', 'early_stop', 'max_epochs', 'H']
2026-07-02 17:09:43:INFO:CLI override: batch_size = 24 (config default: 24)
2026-07-02 17:09:43:INFO:CLI override: gradient_accumulation_steps = 2 (config default: 2)
2026-07-02 17:09:43:INFO:CLI override: learning_rate = 5e-05 (config default: 5e-05)
2026-07-02 17:09:43:INFO:Start running hmmem...
2026-07-02 17:09:43:INFO:<Storage{'is_tune': False, 'train_mode': 'classification', 'modelName': 'hmmem', 'model_type': 'llama2', 'datasetName': 'iemocap4', 'root_dataset_dir': '/root/autodl-tmp/datasets/', 'data_dir': 'IEMOCAP_UniMSE', 'num_workers': 4, 'model_save_dir': '/root/autodl-tmp/results/models', 'res_save_dir': '/root/autodl-tmp/results/results', 'pretrain_LM': '/root/autodl-tmp/models/Llama-2-7b', 'gpu_ids': [0], 'seeds': [1234, 2234, 3234, 4234, 5234], 'use_tgm': False, 'use_origin_amm': False, 'use_amm': True, 'amm_mode': 'hierarchical', 'num_emotion_prototypes': 4, 'use_atgfbff': False, 'use_atgfbff_loss': True, 'use_shared_offset': False, 'use_shared_offset_loss': True, 'shared_offset_mode': 'gate', 'alpha_align': 0.6, 'beta_fiber': 0.1, 'beta_offset': 0.1, 'num_latents': 4, 'use_mslaf': False, 'use_tcap': False, 'use_amm_align_loss': True, 'alpha_amm': 0.5, 'beta_moe': 0.1, 'bypass_scale_init': 0.3, 'use_msf': False, 'use_moe_fusion': False, 'use_sd_moe': True, 'use_gate': False, 'use_moe_lb_loss': False, 'num_local_experts': 3, 'expert_bottleneck': 64, 'use_qformer': False, 'qformer_num_queries': 8, 'qformer_layers': 4, 'qformer_heads': 8, 'qformer_d_model': 256, 'use_cross_attn_expander': False, 'use_diff_loss': False, 'use_expert_diff_loss': False, 'diff_loss_weight': 1.0, 'use_nce_loss': False, 'nce_hidden_dim': 32, 'nce_pred_steps': 2, 'nce_weight': 1.0, 'lb_loss_weight': 1.0, 'adapter_dim': 128, 'audio_adapter_dim': None, 'video_adapter_dim': None, 'iemocap_feature_mode': 'compressed', 'meld_feature_mode': 'raw', 'mosei_feature_mode': 'legacy', 'a_lstm_hidden_size': 64, 'v_lstm_hidden_size': 32, 'use_lora': False, 'lora_r': 16, 'lora_alpha': 32, 'lora_dropout': 0.05, 'lora_target_modules': 'q_proj,v_proj', 'lora_warmup_epochs': 0, 'lora_lr': 2e-05, 'use_int8': False, 'modalities': 'tav', 'use_bilstm': False, 'modality_dropout_p': 0.0, 'use_oversampling': False, 'oversampling_alpha': 0.5, 'label_format': 'index', 'use_cls_head': False, 'use_context': True, 'text_seq_len': 128, 'prompt_context': False, 'context_max_tokens': 64, 'context_window': 12, 'use_speaker_tag': True, 'raw_av_mode': 'none', 'av_pseudo_tokens': 4, 'prompt_style': 'default', 'batch_size': 24, 'learning_rate': 5e-05, 'max_epochs': 50, 'warm_up_epochs': 30, 'early_stop': 8, 'gradient_accumulation_steps': 2, 'resume_checkpoint': None, 'ckpt_save_interval': 5, 'eval_only': False, 'eval_model_path': None, 'tsne_max_per_class': 150, 'timestamp': '20260702_115934', 'dataPath': '/root/autodl-tmp/datasets/IEMOCAP_UniMSE/iemocap_data_0610.pkl', 'seq_lens': (128, 157, 32), 'feature_dims': (0, 64, 64), 'train_samples': 4290, 'num_classes': 4, 'language': 'en', 'KeyEval': 'weight_F1', 'need_data_aligned': False, 'need_model_aligned': False, 'need_label_prefix': True, 'need_normalized': False, 'use_PLM': True, 'save_labels': False, 'task_specific_prompt': 'Please recognize the emotion of the above multimodal content from the target set <angry:0, happy:1, sad:2, neutral:3>. Assistant: The emotion is', 'max_new_tokens': 2, 'pseudo_tokens': 4, 'label_index_mapping': {'angry': 0, 'happy': 1, 'sad': 2, 'neutral': 3}, 'a_lstm_layers': 1, 'v_lstm_layers': 1, 'a_lstm_dropout': 0.0, 'v_lstm_dropout': 0.0, 'gamma': 1, 'update_epochs': 1, 'H': 3.0, 'seed': 3234}>
2026-07-02 17:09:43:INFO:Let's use the GPU 1 !
2026-07-02 17:09:43:INFO:Using pre-parsed CSV files from: /root/autodl-tmp/datasets/IEMOCAP/iemocap_text
2026-07-02 17:09:43:INFO:IEMOCAP train split loaded 3915/5354 samples (drop: missing_meta=117, unknown_emo=1322, mapping_missing=0, missing_modal=0)
2026-07-02 17:09:46:INFO:Using pre-parsed CSV files from: /root/autodl-tmp/datasets/IEMOCAP/iemocap_text
2026-07-02 17:09:46:INFO:IEMOCAP valid split loaded 375/528 samples (drop: missing_meta=7, unknown_emo=146, mapping_missing=0, missing_modal=0)
2026-07-02 17:09:46:INFO:Using pre-parsed CSV files from: /root/autodl-tmp/datasets/IEMOCAP/iemocap_text
2026-07-02 17:09:47:INFO:IEMOCAP test split loaded 1241/1650 samples (drop: missing_meta=28, unknown_emo=381, mapping_missing=0, missing_modal=0)
2026-07-02 17:10:06:INFO:torch.compile enabled for: audio_LSTM, video_LSTM, mixer, shared_proj, global_moe, local_moe, moe_msf
2026-07-02 17:10:06:INFO:trainable params: 3671182 || all params: 6742086798 || trainable%: 0.05445171665676322
2026-07-02 17:10:06:INFO:Single-LR optimizer: 86 tensors, lr=5e-05
2026-07-02 17:10:06:INFO:Init labels...
2026-07-02 17:10:06:INFO:Start training...
2026-07-02 17:10:06:INFO:  Batch size = 24
2026-07-02 17:10:06:INFO:  Gradient Accumulation steps = 2
2026-07-02 17:10:06:INFO:  Effective batch size = 48
2026-07-02 17:10:06:INFO:  AMP dtype = torch.bfloat16
2026-07-02 17:14:23:INFO:TRAIN-(hmmem) (1/1/3)>> loss: 4.3379
2026-07-02 17:14:24:INFO:[GenDebug] model_type=llama2, max_new_tokens=2
2026-07-02 17:14:24:INFO:[GenDebug] inputs_embeds.shape=torch.Size([24, 188, 4096]), outputs.shape=torch.Size([24, 3])
2026-07-02 17:14:24:INFO:[GenDebug] outputs[0] token IDs: [1, 263, 5645]
2026-07-02 17:14:24:INFO:[GenDebug] outputs[0] full decode: 'a measure'
2026-07-02 17:14:24:INFO:[GenDebug] decoded responses[:8]: ['a measure', 'not a', '<ang', '<ang', '<ang', 'not a', '<ang', '<ang']
2026-07-02 17:14:32:INFO:VAL-(hmmem) >>
2026-07-02 17:14:32:INFO:M: >>  acc: 0.2613  UA: 0.2400  weight_F1: 0.1291  Macro_F1: 0.1151 
2026-07-02 17:14:40:INFO:Saving best model at epoch 1 to /root/autodl-tmp/results/models/hmmem-llama2-iemocap4-classification-20260702_115934.pth.
2026-07-02 17:19:00:INFO:TRAIN-(hmmem) (1/2/3)>> loss: 2.4681
2026-07-02 17:19:08:INFO:VAL-(hmmem) >>
2026-07-02 17:19:08:INFO:M: >>  acc: 0.1920  UA: 0.2365  weight_F1: 0.1398  Macro_F1: 0.1620 
2026-07-02 17:19:16:INFO:Saving best model at epoch 2 to /root/autodl-tmp/results/models/hmmem-llama2-iemocap4-classification-20260702_115934.pth.
2026-07-02 17:23:35:INFO:TRAIN-(hmmem) (1/3/3)>> loss: 1.2084
2026-07-02 17:23:43:INFO:VAL-(hmmem) >>
2026-07-02 17:23:43:INFO:M: >>  acc: 0.2667  UA: 0.2825  weight_F1: 0.2355  Macro_F1: 0.2216 
2026-07-02 17:23:51:INFO:Saving best model at epoch 3 to /root/autodl-tmp/results/models/hmmem-llama2-iemocap4-classification-20260702_115934.pth.
2026-07-02 17:28:10:INFO:TRAIN-(hmmem) (1/4/3)>> loss: 1.0270
2026-07-02 17:28:19:INFO:VAL-(hmmem) >>
2026-07-02 17:28:19:INFO:M: >>  acc: 0.3840  UA: 0.3838  weight_F1: 0.3639  Macro_F1: 0.3538 
2026-07-02 17:28:26:INFO:Saving best model at epoch 4 to /root/autodl-tmp/results/models/hmmem-llama2-iemocap4-classification-20260702_115934.pth.
2026-07-02 17:32:46:INFO:TRAIN-(hmmem) (1/5/3)>> loss: 0.8982
2026-07-02 17:32:54:INFO:VAL-(hmmem) >>
2026-07-02 17:32:54:INFO:M: >>  acc: 0.4533  UA: 0.4809  weight_F1: 0.4415  Macro_F1: 0.4534 
2026-07-02 17:33:02:INFO:Saving best model at epoch 5 to /root/autodl-tmp/results/models/hmmem-llama2-iemocap4-classification-20260702_115934.pth.
2026-07-02 17:33:15:INFO:Checkpoint saved at epoch 5 -> /root/autodl-tmp/results/models/checkpoints/hmmem-llama2-iemocap4-classification-20260702_115934-epoch5.ckpt
2026-07-02 17:33:16:INFO:Removed old checkpoint: /root/autodl-tmp/results/models/checkpoints/hmmem-llama2-iemocap4-classification-20260702_115934-epoch20.ckpt
2026-07-02 17:37:33:INFO:TRAIN-(hmmem) (1/6/3)>> loss: 0.8125
2026-07-02 17:37:41:INFO:VAL-(hmmem) >>
2026-07-02 17:37:41:INFO:M: >>  acc: 0.5440  UA: 0.5613  weight_F1: 0.5450  Macro_F1: 0.5415 
2026-07-02 17:37:49:INFO:Saving best model at epoch 6 to /root/autodl-tmp/results/models/hmmem-llama2-iemocap4-classification-20260702_115934.pth.
2026-07-02 17:42:07:INFO:TRAIN-(hmmem) (1/7/3)>> loss: 0.7471
2026-07-02 17:42:16:INFO:VAL-(hmmem) >>
2026-07-02 17:42:16:INFO:M: >>  acc: 0.5787  UA: 0.5882  weight_F1: 0.5609  Macro_F1: 0.5646 
2026-07-02 17:42:24:INFO:Saving best model at epoch 7 to /root/autodl-tmp/results/models/hmmem-llama2-iemocap4-classification-20260702_115934.pth.
2026-07-02 17:46:43:INFO:TRAIN-(hmmem) (1/8/3)>> loss: 0.6803
2026-07-02 17:46:51:INFO:VAL-(hmmem) >>
2026-07-02 17:46:51:INFO:M: >>  acc: 0.5387  UA: 0.5199  weight_F1: 0.5361  Macro_F1: 0.5300 
2026-07-02 17:51:08:INFO:TRAIN-(hmmem) (2/9/3)>> loss: 0.6194
2026-07-02 17:51:16:INFO:VAL-(hmmem) >>
2026-07-02 17:51:16:INFO:M: >>  acc: 0.5947  UA: 0.6059  weight_F1: 0.5849  Macro_F1: 0.5841 
2026-07-02 17:51:24:INFO:Saving best model at epoch 9 to /root/autodl-tmp/results/models/hmmem-llama2-iemocap4-classification-20260702_115934.pth.
2026-07-02 17:55:43:INFO:TRAIN-(hmmem) (1/10/3)>> loss: 0.5729
2026-07-02 17:55:52:INFO:VAL-(hmmem) >>
2026-07-02 17:55:52:INFO:M: >>  acc: 0.6187  UA: 0.6420  weight_F1: 0.6184  Macro_F1: 0.6186 
2026-07-02 17:56:00:INFO:Saving best model at epoch 10 to /root/autodl-tmp/results/models/hmmem-llama2-iemocap4-classification-20260702_115934.pth.
2026-07-02 17:56:12:INFO:Checkpoint saved at epoch 10 -> /root/autodl-tmp/results/models/checkpoints/hmmem-llama2-iemocap4-classification-20260702_115934-epoch10.ckpt
2026-07-02 17:56:12:INFO:Removed old checkpoint: /root/autodl-tmp/results/models/checkpoints/hmmem-llama2-iemocap4-classification-20260702_115934-epoch25.ckpt
2026-07-02 18:00:29:INFO:TRAIN-(hmmem) (1/11/3)>> loss: 0.5180
2026-07-02 18:00:38:INFO:VAL-(hmmem) >>
2026-07-02 18:00:38:INFO:M: >>  acc: 0.5280  UA: 0.5973  weight_F1: 0.5125  Macro_F1: 0.5297 
2026-07-02 18:04:55:INFO:TRAIN-(hmmem) (2/12/3)>> loss: 0.5048
2026-07-02 18:05:03:INFO:VAL-(hmmem) >>
2026-07-02 18:05:03:INFO:M: >>  acc: 0.6187  UA: 0.6309  weight_F1: 0.6195  Macro_F1: 0.6203 
2026-07-02 18:05:11:INFO:Saving best model at epoch 12 to /root/autodl-tmp/results/models/hmmem-llama2-iemocap4-classification-20260702_115934.pth.
2026-07-02 18:09:31:INFO:TRAIN-(hmmem) (1/13/3)>> loss: 0.4596
2026-07-02 18:09:40:INFO:VAL-(hmmem) >>
2026-07-02 18:09:40:INFO:M: >>  acc: 0.6400  UA: 0.6412  weight_F1: 0.6381  Macro_F1: 0.6332 
2026-07-02 18:09:47:INFO:Saving best model at epoch 13 to /root/autodl-tmp/results/models/hmmem-llama2-iemocap4-classification-20260702_115934.pth.
2026-07-02 18:14:07:INFO:TRAIN-(hmmem) (1/14/3)>> loss: 0.4427
2026-07-02 18:14:15:INFO:VAL-(hmmem) >>
2026-07-02 18:14:15:INFO:M: >>  acc: 0.6427  UA: 0.6793  weight_F1: 0.6353  Macro_F1: 0.6410 
2026-07-02 18:18:32:INFO:TRAIN-(hmmem) (2/15/3)>> loss: 0.4183
2026-07-02 18:18:40:INFO:VAL-(hmmem) >>
2026-07-02 18:18:40:INFO:M: >>  acc: 0.5813  UA: 0.5869  weight_F1: 0.5854  Macro_F1: 0.5848 
2026-07-02 18:18:50:INFO:Checkpoint saved at epoch 15 -> /root/autodl-tmp/results/models/checkpoints/hmmem-llama2-iemocap4-classification-20260702_115934-epoch15.ckpt
2026-07-02 18:18:50:INFO:Removed old checkpoint: /root/autodl-tmp/results/models/checkpoints/hmmem-llama2-iemocap4-classification-20260702_115934-epoch30.ckpt
2026-07-02 18:23:07:INFO:TRAIN-(hmmem) (3/16/3)>> loss: 0.4091
2026-07-02 18:23:15:INFO:VAL-(hmmem) >>
2026-07-02 18:23:15:INFO:M: >>  acc: 0.5893  UA: 0.6307  weight_F1: 0.5952  Macro_F1: 0.5929 
2026-07-02 18:27:32:INFO:TRAIN-(hmmem) (4/17/3)>> loss: 0.3951
2026-07-02 18:27:40:INFO:VAL-(hmmem) >>
2026-07-02 18:27:40:INFO:M: >>  acc: 0.6587  UA: 0.6768  weight_F1: 0.6556  Macro_F1: 0.6550 
2026-07-02 18:27:48:INFO:Saving best model at epoch 17 to /root/autodl-tmp/results/models/hmmem-llama2-iemocap4-classification-20260702_115934.pth.
2026-07-02 18:32:07:INFO:TRAIN-(hmmem) (1/18/3)>> loss: 0.3771
2026-07-02 18:32:16:INFO:VAL-(hmmem) >>
2026-07-02 18:32:16:INFO:M: >>  acc: 0.6507  UA: 0.6597  weight_F1: 0.6501  Macro_F1: 0.6411 
2026-07-02 18:36:33:INFO:TRAIN-(hmmem) (2/19/3)>> loss: 0.3611
2026-07-02 18:36:42:INFO:VAL-(hmmem) >>
2026-07-02 18:36:42:INFO:M: >>  acc: 0.6853  UA: 0.6993  weight_F1: 0.6887  Macro_F1: 0.6848 
2026-07-02 18:36:49:INFO:Saving best model at epoch 19 to /root/autodl-tmp/results/models/hmmem-llama2-iemocap4-classification-20260702_115934.pth.
2026-07-02 18:41:09:INFO:TRAIN-(hmmem) (1/20/3)>> loss: 0.3552
2026-07-02 18:41:18:INFO:VAL-(hmmem) >>
2026-07-02 18:41:18:INFO:M: >>  acc: 0.6187  UA: 0.6579  weight_F1: 0.6226  Macro_F1: 0.6243 
2026-07-02 18:41:27:INFO:Checkpoint saved at epoch 20 -> /root/autodl-tmp/results/models/checkpoints/hmmem-llama2-iemocap4-classification-20260702_115934-epoch20.ckpt
2026-07-02 18:41:28:INFO:Removed old checkpoint: /root/autodl-tmp/results/models/checkpoints/hmmem-llama2-iemocap4-classification-20260702_115934-epoch5.ckpt
2026-07-02 18:45:45:INFO:TRAIN-(hmmem) (2/21/3)>> loss: 0.3479
2026-07-02 18:45:53:INFO:VAL-(hmmem) >>
2026-07-02 18:45:53:INFO:M: >>  acc: 0.6667  UA: 0.6925  weight_F1: 0.6733  Macro_F1: 0.6681 
2026-07-02 18:50:11:INFO:TRAIN-(hmmem) (3/22/3)>> loss: 0.3302
2026-07-02 18:50:19:INFO:VAL-(hmmem) >>
2026-07-02 18:50:19:INFO:M: >>  acc: 0.6480  UA: 0.6776  weight_F1: 0.6533  Macro_F1: 0.6495 
2026-07-02 18:54:37:INFO:TRAIN-(hmmem) (4/23/3)>> loss: 0.3262
2026-07-02 18:54:46:INFO:VAL-(hmmem) >>
2026-07-02 18:54:46:INFO:M: >>  acc: 0.6640  UA: 0.6739  weight_F1: 0.6652  Macro_F1: 0.6575 
2026-07-02 18:59:03:INFO:TRAIN-(hmmem) (5/24/3)>> loss: 0.3195
2026-07-02 18:59:12:INFO:VAL-(hmmem) >>
2026-07-02 18:59:12:INFO:M: >>  acc: 0.6693  UA: 0.6874  weight_F1: 0.6734  Macro_F1: 0.6690 
2026-07-02 19:03:30:INFO:TRAIN-(hmmem) (6/25/3)>> loss: 0.3125
2026-07-02 19:03:38:INFO:VAL-(hmmem) >>
2026-07-02 19:03:38:INFO:M: >>  acc: 0.6693  UA: 0.6838  weight_F1: 0.6717  Macro_F1: 0.6652 
2026-07-02 19:03:48:INFO:Checkpoint saved at epoch 25 -> /root/autodl-tmp/results/models/checkpoints/hmmem-llama2-iemocap4-classification-20260702_115934-epoch25.ckpt
2026-07-02 19:03:49:INFO:Removed old checkpoint: /root/autodl-tmp/results/models/checkpoints/hmmem-llama2-iemocap4-classification-20260702_115934-epoch10.ckpt
2026-07-02 19:08:07:INFO:TRAIN-(hmmem) (7/26/3)>> loss: 0.3067
2026-07-02 19:08:15:INFO:VAL-(hmmem) >>
2026-07-02 19:08:15:INFO:M: >>  acc: 0.6720  UA: 0.6980  weight_F1: 0.6753  Macro_F1: 0.6738 
2026-07-02 19:12:33:INFO:TRAIN-(hmmem) (8/27/3)>> loss: 0.3042
2026-07-02 19:12:41:INFO:VAL-(hmmem) >>
2026-07-02 19:12:41:INFO:M: >>  acc: 0.6827  UA: 0.7052  weight_F1: 0.6869  Macro_F1: 0.6829 
2026-07-02 19:13:10:INFO:TEST-(hmmem) >>
2026-07-02 19:13:10:INFO:M: >>  acc: 0.6696  UA: 0.6638  weight_F1: 0.6702  Macro_F1: 0.6654 
2026-07-02 19:13:10:INFO:============================================================
2026-07-02 19:13:10:INFO:         Detailed Classification Analysis
2026-07-02 19:13:10:INFO:============================================================
2026-07-02 19:13:10:INFO:         Class     Prec   Recall       F1   Support
2026-07-02 19:13:10:INFO:------------------------------------------------------------
2026-07-02 19:13:10:INFO:         angry   0.6552   0.6706   0.6628       170
2026-07-02 19:13:10:INFO:         happy   0.7449   0.6606   0.7002       442
2026-07-02 19:13:10:INFO:           sad   0.6869   0.6000   0.6405       245
2026-07-02 19:13:10:INFO:       neutral   0.6030   0.7240   0.6580       384
2026-07-02 19:13:10:INFO:------------------------------------------------------------
2026-07-02 19:13:10:INFO:  WA  (Weighted Accuracy) : 0.6696
2026-07-02 19:13:10:INFO:  UA  (Unweighted Accuracy): 0.6638
2026-07-02 19:13:10:INFO:  WF1 (Weighted F1)       : 0.6702
2026-07-02 19:13:10:INFO:  Macro-F1                : 0.6654
2026-07-02 19:13:10:INFO:============================================================
2026-07-02 19:13:11:INFO:Confusion matrix saved → /root/autodl-tmp/results/results/analysis/hmmem-llama2-iemocap4-20260702_115934/hmmem-llama2-iemocap4-TEST-confusion_matrix.png (+.svg)
2026-07-02 19:13:11:INFO:t-SNE features saved → /root/autodl-tmp/results/results/analysis/hmmem-llama2-iemocap4-20260702_115934/hmmem-llama2-iemocap4-TEST-tsne_features.npz
2026-07-02 19:13:11:INFO:t-SNE balanced sampling: 1241 → 600 (max_per_class=150)
2026-07-02 19:13:16:INFO:Emotion t-SNE saved → /root/autodl-tmp/results/results/analysis/hmmem-llama2-iemocap4-20260702_115934/hmmem-llama2-iemocap4-TEST-tsne_emotion_true.png (+.svg, +pred)
2026-07-02 19:13:42:INFO:Modality t-SNE saved → /root/autodl-tmp/results/results/analysis/hmmem-llama2-iemocap4-20260702_115934/hmmem-llama2-iemocap4-TEST-tsne_modality.png (+.svg)
2026-07-02 19:13:43:INFO:Results are added to /root/autodl-tmp/results/results/hmmem-llama2-iemocap4-classification.csv...
2026-07-02 19:13:43:INFO:[ConfigResolver] model_type=llama2, dataset=iemocap4, task=classification, profile_keys=['pretrain_LM', 'lora_target_modules', 'task_specific_prompt', 'max_new_tokens', 'pseudo_tokens', 'label_index_mapping', 'batch_size', 'gradient_accumulation_steps', 'learning_rate', 'a_lstm_hidden_size', 'v_lstm_hidden_size', 'a_lstm_layers', 'v_lstm_layers', 'a_lstm_dropout', 'v_lstm_dropout', 'warm_up_epochs', 'gamma', 'update_epochs', 'early_stop', 'max_epochs', 'H']
2026-07-02 19:13:43:INFO:CLI override: batch_size = 24 (config default: 24)
2026-07-02 19:13:43:INFO:CLI override: gradient_accumulation_steps = 2 (config default: 2)
2026-07-02 19:13:43:INFO:CLI override: learning_rate = 5e-05 (config default: 5e-05)
2026-07-02 19:13:43:INFO:Start running hmmem...
2026-07-02 19:13:43:INFO:<Storage{'is_tune': False, 'train_mode': 'classification', 'modelName': 'hmmem', 'model_type': 'llama2', 'datasetName': 'iemocap4', 'root_dataset_dir': '/root/autodl-tmp/datasets/', 'data_dir': 'IEMOCAP_UniMSE', 'num_workers': 4, 'model_save_dir': '/root/autodl-tmp/results/models', 'res_save_dir': '/root/autodl-tmp/results/results', 'pretrain_LM': '/root/autodl-tmp/models/Llama-2-7b', 'gpu_ids': [0], 'seeds': [1234, 2234, 3234, 4234, 5234], 'use_tgm': False, 'use_origin_amm': False, 'use_amm': True, 'amm_mode': 'hierarchical', 'num_emotion_prototypes': 4, 'use_atgfbff': False, 'use_atgfbff_loss': True, 'use_shared_offset': False, 'use_shared_offset_loss': True, 'shared_offset_mode': 'gate', 'alpha_align': 0.6, 'beta_fiber': 0.1, 'beta_offset': 0.1, 'num_latents': 4, 'use_mslaf': False, 'use_tcap': False, 'use_amm_align_loss': True, 'alpha_amm': 0.5, 'beta_moe': 0.1, 'bypass_scale_init': 0.3, 'use_msf': False, 'use_moe_fusion': False, 'use_sd_moe': True, 'use_gate': False, 'use_moe_lb_loss': False, 'num_local_experts': 3, 'expert_bottleneck': 64, 'use_qformer': False, 'qformer_num_queries': 8, 'qformer_layers': 4, 'qformer_heads': 8, 'qformer_d_model': 256, 'use_cross_attn_expander': False, 'use_diff_loss': False, 'use_expert_diff_loss': False, 'diff_loss_weight': 1.0, 'use_nce_loss': False, 'nce_hidden_dim': 32, 'nce_pred_steps': 2, 'nce_weight': 1.0, 'lb_loss_weight': 1.0, 'adapter_dim': 128, 'audio_adapter_dim': None, 'video_adapter_dim': None, 'iemocap_feature_mode': 'compressed', 'meld_feature_mode': 'raw', 'mosei_feature_mode': 'legacy', 'a_lstm_hidden_size': 64, 'v_lstm_hidden_size': 32, 'use_lora': False, 'lora_r': 16, 'lora_alpha': 32, 'lora_dropout': 0.05, 'lora_target_modules': 'q_proj,v_proj', 'lora_warmup_epochs': 0, 'lora_lr': 2e-05, 'use_int8': False, 'modalities': 'tav', 'use_bilstm': False, 'modality_dropout_p': 0.0, 'use_oversampling': False, 'oversampling_alpha': 0.5, 'label_format': 'index', 'use_cls_head': False, 'use_context': True, 'text_seq_len': 128, 'prompt_context': False, 'context_max_tokens': 64, 'context_window': 12, 'use_speaker_tag': True, 'raw_av_mode': 'none', 'av_pseudo_tokens': 4, 'prompt_style': 'default', 'batch_size': 24, 'learning_rate': 5e-05, 'max_epochs': 50, 'warm_up_epochs': 30, 'early_stop': 8, 'gradient_accumulation_steps': 2, 'resume_checkpoint': None, 'ckpt_save_interval': 5, 'eval_only': False, 'eval_model_path': None, 'tsne_max_per_class': 150, 'timestamp': '20260702_115934', 'dataPath': '/root/autodl-tmp/datasets/IEMOCAP_UniMSE/iemocap_data_0610.pkl', 'seq_lens': (128, 157, 32), 'feature_dims': (0, 64, 64), 'train_samples': 4290, 'num_classes': 4, 'language': 'en', 'KeyEval': 'weight_F1', 'need_data_aligned': False, 'need_model_aligned': False, 'need_label_prefix': True, 'need_normalized': False, 'use_PLM': True, 'save_labels': False, 'task_specific_prompt': 'Please recognize the emotion of the above multimodal content from the target set <angry:0, happy:1, sad:2, neutral:3>. Assistant: The emotion is', 'max_new_tokens': 2, 'pseudo_tokens': 4, 'label_index_mapping': {'angry': 0, 'happy': 1, 'sad': 2, 'neutral': 3}, 'a_lstm_layers': 1, 'v_lstm_layers': 1, 'a_lstm_dropout': 0.0, 'v_lstm_dropout': 0.0, 'gamma': 1, 'update_epochs': 1, 'H': 3.0, 'seed': 4234}>
2026-07-02 19:13:43:INFO:Let's use the GPU 1 !
2026-07-02 19:13:44:INFO:Using pre-parsed CSV files from: /root/autodl-tmp/datasets/IEMOCAP/iemocap_text
2026-07-02 19:13:44:INFO:IEMOCAP train split loaded 3915/5354 samples (drop: missing_meta=117, unknown_emo=1322, mapping_missing=0, missing_modal=0)
2026-07-02 19:13:47:INFO:Using pre-parsed CSV files from: /root/autodl-tmp/datasets/IEMOCAP/iemocap_text
2026-07-02 19:13:47:INFO:IEMOCAP valid split loaded 375/528 samples (drop: missing_meta=7, unknown_emo=146, mapping_missing=0, missing_modal=0)
2026-07-02 19:13:48:INFO:Using pre-parsed CSV files from: /root/autodl-tmp/datasets/IEMOCAP/iemocap_text
2026-07-02 19:13:48:INFO:IEMOCAP test split loaded 1241/1650 samples (drop: missing_meta=28, unknown_emo=381, mapping_missing=0, missing_modal=0)
2026-07-02 19:14:06:INFO:torch.compile enabled for: audio_LSTM, video_LSTM, mixer, shared_proj, global_moe, local_moe, moe_msf
2026-07-02 19:14:06:INFO:trainable params: 3671182 || all params: 6742086798 || trainable%: 0.05445171665676322
2026-07-02 19:14:06:INFO:Single-LR optimizer: 86 tensors, lr=5e-05
2026-07-02 19:14:06:INFO:Init labels...
2026-07-02 19:14:06:INFO:Start training...
2026-07-02 19:14:06:INFO:  Batch size = 24
2026-07-02 19:14:06:INFO:  Gradient Accumulation steps = 2
2026-07-02 19:14:06:INFO:  Effective batch size = 48
2026-07-02 19:14:06:INFO:  AMP dtype = torch.bfloat16
2026-07-02 19:18:24:INFO:TRAIN-(hmmem) (1/1/4)>> loss: 3.2657
2026-07-02 19:18:25:INFO:[GenDebug] model_type=llama2, max_new_tokens=2
2026-07-02 19:18:25:INFO:[GenDebug] inputs_embeds.shape=torch.Size([24, 188, 4096]), outputs.shape=torch.Size([24, 3])
2026-07-02 19:18:25:INFO:[GenDebug] outputs[0] token IDs: [1, 263, 11223]
2026-07-02 19:18:25:INFO:[GenDebug] outputs[0] full decode: 'a feeling'
2026-07-02 19:18:25:INFO:[GenDebug] decoded responses[:8]: ['a feeling', '2', '2', '2', '2', '2', '2', '2']
2026-07-02 19:18:33:INFO:VAL-(hmmem) >>
2026-07-02 19:18:33:INFO:M: >>  acc: 0.1973  UA: 0.2351  weight_F1: 0.1004  Macro_F1: 0.1151 
2026-07-02 19:18:40:INFO:Saving best model at epoch 1 to /root/autodl-tmp/results/models/hmmem-llama2-iemocap4-classification-20260702_115934.pth.
2026-07-02 19:23:01:INFO:TRAIN-(hmmem) (1/2/4)>> loss: 1.4399
2026-07-02 19:23:10:INFO:VAL-(hmmem) >>
2026-07-02 19:23:10:INFO:M: >>  acc: 0.3120  UA: 0.2597  weight_F1: 0.2765  Macro_F1: 0.2456 
2026-07-02 19:23:18:INFO:Saving best model at epoch 2 to /root/autodl-tmp/results/models/hmmem-llama2-iemocap4-classification-20260702_115934.pth.
2026-07-02 19:27:39:INFO:TRAIN-(hmmem) (1/3/4)>> loss: 1.1111
2026-07-02 19:27:48:INFO:VAL-(hmmem) >>
2026-07-02 19:27:48:INFO:M: >>  acc: 0.4107  UA: 0.4206  weight_F1: 0.3928  Macro_F1: 0.3836 
2026-07-02 19:27:56:INFO:Saving best model at epoch 3 to /root/autodl-tmp/results/models/hmmem-llama2-iemocap4-classification-20260702_115934.pth.
2026-07-02 19:32:17:INFO:TRAIN-(hmmem) (1/4/4)>> loss: 0.9786
2026-07-02 19:32:25:INFO:VAL-(hmmem) >>
2026-07-02 19:32:25:INFO:M: >>  acc: 0.4107  UA: 0.4315  weight_F1: 0.3924  Macro_F1: 0.3801 
2026-07-02 19:36:43:INFO:TRAIN-(hmmem) (2/5/4)>> loss: 0.8410
2026-07-02 19:36:52:INFO:VAL-(hmmem) >>
2026-07-02 19:36:52:INFO:M: >>  acc: 0.5120  UA: 0.5613  weight_F1: 0.4770  Macro_F1: 0.4949 
2026-07-02 19:37:00:INFO:Saving best model at epoch 5 to /root/autodl-tmp/results/models/hmmem-llama2-iemocap4-classification-20260702_115934.pth.
2026-07-02 19:37:13:INFO:Checkpoint saved at epoch 5 -> /root/autodl-tmp/results/models/checkpoints/hmmem-llama2-iemocap4-classification-20260702_115934-epoch5.ckpt
2026-07-02 19:37:13:INFO:Removed old checkpoint: /root/autodl-tmp/results/models/checkpoints/hmmem-llama2-iemocap4-classification-20260702_115934-epoch15.ckpt
2026-07-02 19:41:31:INFO:TRAIN-(hmmem) (1/6/4)>> loss: 0.7044
2026-07-02 19:41:40:INFO:VAL-(hmmem) >>
2026-07-02 19:41:40:INFO:M: >>  acc: 0.5573  UA: 0.5538  weight_F1: 0.5262  Macro_F1: 0.5138 
2026-07-02 19:41:48:INFO:Saving best model at epoch 6 to /root/autodl-tmp/results/models/hmmem-llama2-iemocap4-classification-20260702_115934.pth.
2026-07-02 19:46:09:INFO:TRAIN-(hmmem) (1/7/4)>> loss: 0.6242
2026-07-02 19:46:17:INFO:VAL-(hmmem) >>
2026-07-02 19:46:17:INFO:M: >>  acc: 0.5520  UA: 0.5808  weight_F1: 0.5441  Macro_F1: 0.5327 
2026-07-02 19:46:25:INFO:Saving best model at epoch 7 to /root/autodl-tmp/results/models/hmmem-llama2-iemocap4-classification-20260702_115934.pth.
2026-07-02 19:50:46:INFO:TRAIN-(hmmem) (1/8/4)>> loss: 0.5463
2026-07-02 19:50:55:INFO:VAL-(hmmem) >>
2026-07-02 19:50:55:INFO:M: >>  acc: 0.6160  UA: 0.6307  weight_F1: 0.6179  Macro_F1: 0.6101 
2026-07-02 19:51:03:INFO:Saving best model at epoch 8 to /root/autodl-tmp/results/models/hmmem-llama2-iemocap4-classification-20260702_115934.pth.
2026-07-02 19:55:24:INFO:TRAIN-(hmmem) (1/9/4)>> loss: 0.4913
2026-07-02 19:55:32:INFO:VAL-(hmmem) >>
2026-07-02 19:55:32:INFO:M: >>  acc: 0.5120  UA: 0.5695  weight_F1: 0.5151  Macro_F1: 0.5208 
2026-07-02 19:59:51:INFO:TRAIN-(hmmem) (2/10/4)>> loss: 0.4699
2026-07-02 20:00:00:INFO:VAL-(hmmem) >>
2026-07-02 20:00:00:INFO:M: >>  acc: 0.6613  UA: 0.6473  weight_F1: 0.6652  Macro_F1: 0.6635 
2026-07-02 20:00:10:INFO:Saving best model at epoch 10 to /root/autodl-tmp/results/models/hmmem-llama2-iemocap4-classification-20260702_115934.pth.
2026-07-02 20:00:26:INFO:Checkpoint saved at epoch 10 -> /root/autodl-tmp/results/models/checkpoints/hmmem-llama2-iemocap4-classification-20260702_115934-epoch10.ckpt
2026-07-02 20:00:27:INFO:Removed old checkpoint: /root/autodl-tmp/results/models/checkpoints/hmmem-llama2-iemocap4-classification-20260702_115934-epoch20.ckpt
2026-07-02 20:04:46:INFO:TRAIN-(hmmem) (1/11/4)>> loss: 0.4325
2026-07-02 20:04:55:INFO:VAL-(hmmem) >>
2026-07-02 20:04:55:INFO:M: >>  acc: 0.6320  UA: 0.6513  weight_F1: 0.6388  Macro_F1: 0.6313 
2026-07-03 10:27:37:INFO:========= 准备训练数据集: iemocap4 (classification) =========
2026-07-03 10:27:37:INFO:[ConfigResolver] model_type=llama2, dataset=iemocap4, task=classification, profile_keys=['pretrain_LM', 'lora_target_modules', 'task_specific_prompt', 'max_new_tokens', 'pseudo_tokens', 'label_index_mapping', 'batch_size', 'gradient_accumulation_steps', 'learning_rate', 'a_lstm_hidden_size', 'v_lstm_hidden_size', 'a_lstm_layers', 'v_lstm_layers', 'a_lstm_dropout', 'v_lstm_dropout', 'warm_up_epochs', 'gamma', 'update_epochs', 'early_stop', 'max_epochs', 'H']
2026-07-03 10:27:37:INFO:Start running hmmem...
2026-07-03 10:27:37:INFO:<Storage{'is_tune': False, 'train_mode': 'classification', 'modelName': 'hmmem', 'model_type': 'llama2', 'datasetName': 'iemocap4', 'root_dataset_dir': '/root/autodl-tmp/datasets/', 'data_dir': 'IEMOCAP_UniMSE', 'num_workers': 4, 'model_save_dir': '/root/autodl-tmp/results/models', 'res_save_dir': '/root/autodl-tmp/results/results', 'pretrain_LM': '/root/autodl-tmp/models/Llama-2-7b', 'gpu_ids': [], 'seeds': [1234], 'use_tgm': True, 'use_origin_amm': False, 'use_amm': False, 'amm_mode': 'base', 'num_emotion_prototypes': 4, 'use_atgfbff': False, 'use_atgfbff_loss': True, 'use_shared_offset': False, 'use_shared_offset_loss': True, 'shared_offset_mode': 'gate', 'alpha_align': 0.6, 'beta_fiber': 0.1, 'beta_offset': 0.1, 'num_latents': 4, 'use_mslaf': False, 'use_tcap': False, 'use_amm_align_loss': True, 'alpha_amm': 0.5, 'beta_moe': 0.1, 'bypass_scale_init': 0.3, 'use_msf': True, 'use_moe_fusion': False, 'use_sd_moe': False, 'use_gate': False, 'use_moe_lb_loss': False, 'num_local_experts': 3, 'expert_bottleneck': 64, 'use_qformer': False, 'qformer_num_queries': 8, 'qformer_layers': 4, 'qformer_heads': 8, 'qformer_d_model': 256, 'use_cross_attn_expander': False, 'use_diff_loss': False, 'use_expert_diff_loss': False, 'diff_loss_weight': 1.0, 'use_nce_loss': False, 'nce_hidden_dim': 32, 'nce_pred_steps': 2, 'nce_weight': 1.0, 'lb_loss_weight': 1.0, 'adapter_dim': 128, 'audio_adapter_dim': None, 'video_adapter_dim': None, 'iemocap_feature_mode': 'compressed', 'meld_feature_mode': 'raw', 'mosei_feature_mode': 'legacy', 'a_lstm_hidden_size': 64, 'v_lstm_hidden_size': 32, 'use_lora': False, 'lora_r': 16, 'lora_alpha': 32, 'lora_dropout': 0.05, 'lora_target_modules': 'q_proj,v_proj', 'lora_warmup_epochs': 0, 'lora_lr': 2e-05, 'use_int8': False, 'modalities': 'tav', 'use_bilstm': False, 'modality_dropout_p': 0.0, 'use_oversampling': False, 'oversampling_alpha': 0.5, 'label_format': 'index', 'use_cls_head': False, 'use_context': False, 'text_seq_len': None, 'prompt_context': False, 'context_max_tokens': 64, 'context_window': 0, 'use_speaker_tag': False, 'raw_av_mode': 'none', 'av_pseudo_tokens': 4, 'prompt_style': 'default', 'batch_size': 24, 'learning_rate': 5e-05, 'max_epochs': 50, 'warm_up_epochs': 30, 'early_stop': 8, 'gradient_accumulation_steps': 2, 'resume_checkpoint': None, 'ckpt_save_interval': 5, 'eval_only': False, 'eval_model_path': None, 'tsne_max_per_class': 150, 'timestamp': '20260703_102737', 'dataPath': '/root/autodl-tmp/datasets/IEMOCAP_UniMSE/iemocap_data_0610.pkl', 'seq_lens': (84, 157, 32), 'feature_dims': (0, 64, 64), 'train_samples': 4290, 'num_classes': 4, 'language': 'en', 'KeyEval': 'weight_F1', 'need_data_aligned': False, 'need_model_aligned': False, 'need_label_prefix': True, 'need_normalized': False, 'use_PLM': True, 'save_labels': False, 'task_specific_prompt': 'Please recognize the emotion of the above multimodal content from the target set <angry:0, happy:1, sad:2, neutral:3>. Assistant: The emotion is', 'max_new_tokens': 2, 'pseudo_tokens': 4, 'label_index_mapping': {'angry': 0, 'happy': 1, 'sad': 2, 'neutral': 3}, 'a_lstm_layers': 1, 'v_lstm_layers': 1, 'a_lstm_dropout': 0.0, 'v_lstm_dropout': 0.0, 'gamma': 1, 'update_epochs': 1, 'H': 3.0, 'seed': 1234}>
2026-07-03 10:27:37:INFO:Find gpu: 0, with memory: 509607936 left!
2026-07-03 10:27:37:INFO:Let's use the GPU 1 !
2026-07-03 10:27:37:INFO:Using pre-parsed CSV files from: /root/autodl-tmp/datasets/IEMOCAP/iemocap_text
2026-07-03 10:27:38:INFO:IEMOCAP train split loaded 3915/5354 samples (drop: missing_meta=117, unknown_emo=1322, mapping_missing=0, missing_modal=0)
2026-07-03 10:27:39:INFO:Using pre-parsed CSV files from: /root/autodl-tmp/datasets/IEMOCAP/iemocap_text
2026-07-03 10:27:40:INFO:IEMOCAP valid split loaded 375/528 samples (drop: missing_meta=7, unknown_emo=146, mapping_missing=0, missing_modal=0)
2026-07-03 10:27:40:INFO:Using pre-parsed CSV files from: /root/autodl-tmp/datasets/IEMOCAP/iemocap_text
2026-07-03 10:27:40:INFO:IEMOCAP test split loaded 1241/1650 samples (drop: missing_meta=28, unknown_emo=381, mapping_missing=0, missing_modal=0)
2026-07-03 10:27:59:INFO:torch.compile enabled for: audio_LSTM, video_LSTM, mixer, fusion
2026-07-03 10:28:00:INFO:trainable params: 2632844 || all params: 6741048460 || trainable%: 0.03905689175241443
2026-07-03 10:28:00:INFO:Single-LR optimizer: 32 tensors, lr=5e-05
2026-07-03 10:28:00:INFO:Init labels...
2026-07-03 10:28:00:INFO:Start training...
2026-07-03 10:28:00:INFO:  Batch size = 24
2026-07-03 10:28:00:INFO:  Gradient Accumulation steps = 2
2026-07-03 10:28:00:INFO:  Effective batch size = 48
2026-07-03 10:28:00:INFO:  AMP dtype = torch.bfloat16
2026-07-03 10:31:17:INFO:TRAIN-(hmmem) (1/1/1)>> loss: 3.2643
2026-07-03 10:31:19:INFO:[GenDebug] model_type=llama2, max_new_tokens=2
2026-07-03 10:31:19:INFO:[GenDebug] inputs_embeds.shape=torch.Size([24, 144, 4096]), outputs.shape=torch.Size([24, 3])
2026-07-03 10:31:19:INFO:[GenDebug] outputs[0] token IDs: [1, 263, 731]
2026-07-03 10:31:19:INFO:[GenDebug] outputs[0] full decode: 'a set'
2026-07-03 10:31:19:INFO:[GenDebug] decoded responses[:8]: ['a set', 'a,', 'a set', 'a:', 'a:', 'a:', '\nЉ', 'a set']
2026-07-03 10:31:25:INFO:VAL-(hmmem) >>
2026-07-03 10:31:25:INFO:M: >>  acc: 0.2640  UA: 0.2450  weight_F1: 0.1130  Macro_F1: 0.1049 
2026-07-03 10:31:32:INFO:Saving best model at epoch 1 to /root/autodl-tmp/results/models/hmmem-llama2-iemocap4-classification-20260703_102737.pth.
2026-07-03 10:34:48:INFO:TRAIN-(hmmem) (1/2/1)>> loss: 3.2375
2026-07-03 10:34:55:INFO:VAL-(hmmem) >>
2026-07-03 10:34:55:INFO:M: >>  acc: 0.2640  UA: 0.2450  weight_F1: 0.1127  Macro_F1: 0.1047 
2026-07-03 10:38:07:INFO:TRAIN-(hmmem) (2/3/1)>> loss: 2.7845
2026-07-03 10:38:14:INFO:VAL-(hmmem) >>
2026-07-03 10:38:14:INFO:M: >>  acc: 0.1973  UA: 0.2525  weight_F1: 0.1498  Macro_F1: 0.1743 
2026-07-03 10:38:21:INFO:Saving best model at epoch 3 to /root/autodl-tmp/results/models/hmmem-llama2-iemocap4-classification-20260703_102737.pth.
2026-07-03 10:41:37:INFO:TRAIN-(hmmem) (1/4/1)>> loss: 1.0580
2026-07-03 10:41:43:INFO:VAL-(hmmem) >>
2026-07-03 10:41:43:INFO:M: >>  acc: 0.2560  UA: 0.2312  weight_F1: 0.2241  Macro_F1: 0.1953 
2026-07-03 10:41:52:INFO:Saving best model at epoch 4 to /root/autodl-tmp/results/models/hmmem-llama2-iemocap4-classification-20260703_102737.pth.
2026-07-03 10:45:08:INFO:TRAIN-(hmmem) (1/5/1)>> loss: 0.7528
2026-07-03 10:45:15:INFO:VAL-(hmmem) >>
2026-07-03 10:45:15:INFO:M: >>  acc: 0.2640  UA: 0.2936  weight_F1: 0.2571  Macro_F1: 0.2598 
2026-07-03 10:45:22:INFO:Saving best model at epoch 5 to /root/autodl-tmp/results/models/hmmem-llama2-iemocap4-classification-20260703_102737.pth.
2026-07-03 10:45:34:INFO:Checkpoint saved at epoch 5 -> /root/autodl-tmp/results/models/checkpoints/hmmem-llama2-iemocap4-classification-20260703_102737-epoch5.ckpt
2026-07-03 10:48:47:INFO:TRAIN-(hmmem) (1/6/1)>> loss: 0.7145
2026-07-03 10:48:53:INFO:VAL-(hmmem) >>
2026-07-03 10:48:53:INFO:M: >>  acc: 0.3200  UA: 0.2605  weight_F1: 0.2408  Macro_F1: 0.2001 
2026-07-03 10:52:06:INFO:TRAIN-(hmmem) (2/7/1)>> loss: 0.6937
2026-07-03 10:52:13:INFO:VAL-(hmmem) >>
2026-07-03 10:52:13:INFO:M: >>  acc: 0.3040  UA: 0.2995  weight_F1: 0.2723  Macro_F1: 0.2507 
2026-07-03 10:52:20:INFO:Saving best model at epoch 7 to /root/autodl-tmp/results/models/hmmem-llama2-iemocap4-classification-20260703_102737.pth.
2026-07-03 10:55:36:INFO:TRAIN-(hmmem) (1/8/1)>> loss: 0.6888
2026-07-03 10:55:42:INFO:VAL-(hmmem) >>
2026-07-03 10:55:42:INFO:M: >>  acc: 0.1813  UA: 0.2604  weight_F1: 0.1002  Macro_F1: 0.1166 
2026-07-03 10:58:55:INFO:TRAIN-(hmmem) (2/9/1)>> loss: 0.6623
2026-07-03 10:59:01:INFO:VAL-(hmmem) >>
2026-07-03 10:59:01:INFO:M: >>  acc: 0.3440  UA: 0.3082  weight_F1: 0.2810  Macro_F1: 0.2442 
2026-07-03 10:59:09:INFO:Saving best model at epoch 9 to /root/autodl-tmp/results/models/hmmem-llama2-iemocap4-classification-20260703_102737.pth.
2026-07-03 11:02:26:INFO:TRAIN-(hmmem) (1/10/1)>> loss: 0.6163
2026-07-03 11:02:32:INFO:VAL-(hmmem) >>
2026-07-03 11:02:32:INFO:M: >>  acc: 0.4800  UA: 0.4579  weight_F1: 0.4826  Macro_F1: 0.4600 
2026-07-03 11:02:40:INFO:Saving best model at epoch 10 to /root/autodl-tmp/results/models/hmmem-llama2-iemocap4-classification-20260703_102737.pth.
2026-07-03 11:02:52:INFO:Checkpoint saved at epoch 10 -> /root/autodl-tmp/results/models/checkpoints/hmmem-llama2-iemocap4-classification-20260703_102737-epoch10.ckpt
2026-07-03 11:06:05:INFO:TRAIN-(hmmem) (1/11/1)>> loss: 0.5861
2026-07-03 11:06:11:INFO:VAL-(hmmem) >>
2026-07-03 11:06:11:INFO:M: >>  acc: 0.5067  UA: 0.5106  weight_F1: 0.5140  Macro_F1: 0.5009 
2026-07-03 11:06:18:INFO:Saving best model at epoch 11 to /root/autodl-tmp/results/models/hmmem-llama2-iemocap4-classification-20260703_102737.pth.
2026-07-03 11:09:34:INFO:TRAIN-(hmmem) (1/12/1)>> loss: 0.5676
2026-07-03 11:09:40:INFO:VAL-(hmmem) >>
2026-07-03 11:09:40:INFO:M: >>  acc: 0.4640  UA: 0.4709  weight_F1: 0.4169  Macro_F1: 0.4075 
2026-07-03 11:12:53:INFO:TRAIN-(hmmem) (2/13/1)>> loss: 0.5604
2026-07-03 11:13:00:INFO:VAL-(hmmem) >>
2026-07-03 11:13:00:INFO:M: >>  acc: 0.5013  UA: 0.4273  weight_F1: 0.4611  Macro_F1: 0.4108 
2026-07-03 11:16:13:INFO:TRAIN-(hmmem) (3/14/1)>> loss: 0.5514
2026-07-03 11:16:19:INFO:VAL-(hmmem) >>
2026-07-03 11:16:19:INFO:M: >>  acc: 0.4587  UA: 0.4809  weight_F1: 0.4595  Macro_F1: 0.4571 
2026-07-03 11:19:32:INFO:TRAIN-(hmmem) (4/15/1)>> loss: 0.5450
2026-07-03 11:19:39:INFO:VAL-(hmmem) >>
2026-07-03 11:19:39:INFO:M: >>  acc: 0.5227  UA: 0.5373  weight_F1: 0.5164  Macro_F1: 0.5164 
2026-07-03 11:19:46:INFO:Saving best model at epoch 15 to /root/autodl-tmp/results/models/hmmem-llama2-iemocap4-classification-20260703_102737.pth.
2026-07-03 11:19:58:INFO:Checkpoint saved at epoch 15 -> /root/autodl-tmp/results/models/checkpoints/hmmem-llama2-iemocap4-classification-20260703_102737-epoch15.ckpt
2026-07-03 11:23:11:INFO:TRAIN-(hmmem) (1/16/1)>> loss: 0.5350
2026-07-03 11:23:18:INFO:VAL-(hmmem) >>
2026-07-03 11:23:18:INFO:M: >>  acc: 0.4427  UA: 0.5160  weight_F1: 0.4186  Macro_F1: 0.4395 
2026-07-03 11:26:30:INFO:TRAIN-(hmmem) (2/17/1)>> loss: 0.5307
2026-07-03 11:26:37:INFO:VAL-(hmmem) >>
2026-07-03 11:26:37:INFO:M: >>  acc: 0.5200  UA: 0.5616  weight_F1: 0.5214  Macro_F1: 0.5296 
2026-07-03 11:26:44:INFO:Saving best model at epoch 17 to /root/autodl-tmp/results/models/hmmem-llama2-iemocap4-classification-20260703_102737.pth.
2026-07-03 11:29:59:INFO:TRAIN-(hmmem) (1/18/1)>> loss: 0.5253
2026-07-03 11:30:06:INFO:VAL-(hmmem) >>
2026-07-03 11:30:06:INFO:M: >>  acc: 0.5333  UA: 0.5389  weight_F1: 0.5355  Macro_F1: 0.5311 
2026-07-03 11:30:13:INFO:Saving best model at epoch 18 to /root/autodl-tmp/results/models/hmmem-llama2-iemocap4-classification-20260703_102737.pth.
2026-07-03 11:33:29:INFO:TRAIN-(hmmem) (1/19/1)>> loss: 0.5188
2026-07-03 11:33:35:INFO:VAL-(hmmem) >>
2026-07-03 11:33:35:INFO:M: >>  acc: 0.5280  UA: 0.5490  weight_F1: 0.5366  Macro_F1: 0.5352 
2026-07-03 11:33:43:INFO:Saving best model at epoch 19 to /root/autodl-tmp/results/models/hmmem-llama2-iemocap4-classification-20260703_102737.pth.
2026-07-03 11:37:01:INFO:TRAIN-(hmmem) (1/20/1)>> loss: 0.5154
2026-07-03 11:37:07:INFO:VAL-(hmmem) >>
2026-07-03 11:37:07:INFO:M: >>  acc: 0.5467  UA: 0.5513  weight_F1: 0.5547  Macro_F1: 0.5482 
2026-07-03 11:37:14:INFO:Saving best model at epoch 20 to /root/autodl-tmp/results/models/hmmem-llama2-iemocap4-classification-20260703_102737.pth.
2026-07-03 11:37:27:INFO:Checkpoint saved at epoch 20 -> /root/autodl-tmp/results/models/checkpoints/hmmem-llama2-iemocap4-classification-20260703_102737-epoch20.ckpt
2026-07-03 11:37:27:INFO:Removed old checkpoint: /root/autodl-tmp/results/models/checkpoints/hmmem-llama2-iemocap4-classification-20260703_102737-epoch5.ckpt
2026-07-03 11:40:40:INFO:TRAIN-(hmmem) (1/21/1)>> loss: 0.5102
2026-07-03 11:40:46:INFO:VAL-(hmmem) >>
2026-07-03 11:40:46:INFO:M: >>  acc: 0.5467  UA: 0.5366  weight_F1: 0.5443  Macro_F1: 0.5325 
2026-07-03 11:43:59:INFO:TRAIN-(hmmem) (2/22/1)>> loss: 0.5084
2026-07-03 11:44:06:INFO:VAL-(hmmem) >>
2026-07-03 11:44:06:INFO:M: >>  acc: 0.5547  UA: 0.5564  weight_F1: 0.5595  Macro_F1: 0.5542 
2026-07-03 11:44:13:INFO:Saving best model at epoch 22 to /root/autodl-tmp/results/models/hmmem-llama2-iemocap4-classification-20260703_102737.pth.
2026-07-03 11:47:29:INFO:TRAIN-(hmmem) (1/23/1)>> loss: 0.5054
2026-07-03 11:47:35:INFO:VAL-(hmmem) >>
2026-07-03 11:47:35:INFO:M: >>  acc: 0.5440  UA: 0.5647  weight_F1: 0.5480  Macro_F1: 0.5497 
2026-07-03 11:50:49:INFO:TRAIN-(hmmem) (2/24/1)>> loss: 0.5020
2026-07-03 11:50:55:INFO:VAL-(hmmem) >>
2026-07-03 11:50:55:INFO:M: >>  acc: 0.5573  UA: 0.5629  weight_F1: 0.5644  Macro_F1: 0.5578 
2026-07-03 11:51:03:INFO:Saving best model at epoch 24 to /root/autodl-tmp/results/models/hmmem-llama2-iemocap4-classification-20260703_102737.pth.
2026-07-03 11:54:19:INFO:TRAIN-(hmmem) (1/25/1)>> loss: 0.5007
2026-07-03 11:54:26:INFO:VAL-(hmmem) >>
2026-07-03 11:54:26:INFO:M: >>  acc: 0.5467  UA: 0.5516  weight_F1: 0.5515  Macro_F1: 0.5468 
2026-07-03 11:54:35:INFO:Checkpoint saved at epoch 25 -> /root/autodl-tmp/results/models/checkpoints/hmmem-llama2-iemocap4-classification-20260703_102737-epoch25.ckpt
2026-07-03 11:54:36:INFO:Removed old checkpoint: /root/autodl-tmp/results/models/checkpoints/hmmem-llama2-iemocap4-classification-20260703_102737-epoch10.ckpt
2026-07-03 11:57:49:INFO:TRAIN-(hmmem) (2/26/1)>> loss: 0.4979
2026-07-03 11:57:56:INFO:VAL-(hmmem) >>
2026-07-03 11:57:56:INFO:M: >>  acc: 0.5493  UA: 0.5675  weight_F1: 0.5537  Macro_F1: 0.5536 
2026-07-03 12:01:08:INFO:TRAIN-(hmmem) (3/27/1)>> loss: 0.4976
2026-07-03 12:01:15:INFO:VAL-(hmmem) >>
2026-07-03 12:01:15:INFO:M: >>  acc: 0.5600  UA: 0.5775  weight_F1: 0.5649  Macro_F1: 0.5644 
2026-07-03 12:01:22:INFO:Saving best model at epoch 27 to /root/autodl-tmp/results/models/hmmem-llama2-iemocap4-classification-20260703_102737.pth.
2026-07-03 12:04:37:INFO:TRAIN-(hmmem) (1/28/1)>> loss: 0.4964
2026-07-03 12:04:44:INFO:VAL-(hmmem) >>
2026-07-03 12:04:44:INFO:M: >>  acc: 0.5573  UA: 0.5659  weight_F1: 0.5625  Macro_F1: 0.5599 
2026-07-03 12:07:57:INFO:TRAIN-(hmmem) (2/29/1)>> loss: 0.4959
2026-07-03 12:08:03:INFO:VAL-(hmmem) >>
2026-07-03 12:08:03:INFO:M: >>  acc: 0.5653  UA: 0.5738  weight_F1: 0.5700  Macro_F1: 0.5675 
2026-07-03 12:08:10:INFO:Saving best model at epoch 29 to /root/autodl-tmp/results/models/hmmem-llama2-iemocap4-classification-20260703_102737.pth.
2026-07-03 12:11:26:INFO:TRAIN-(hmmem) (1/30/1)>> loss: 0.4956
2026-07-03 12:11:32:INFO:VAL-(hmmem) >>
2026-07-03 12:11:32:INFO:M: >>  acc: 0.5573  UA: 0.5637  weight_F1: 0.5625  Macro_F1: 0.5577 
2026-07-03 12:11:42:INFO:Checkpoint saved at epoch 30 -> /root/autodl-tmp/results/models/checkpoints/hmmem-llama2-iemocap4-classification-20260703_102737-epoch30.ckpt
2026-07-03 12:11:42:INFO:Removed old checkpoint: /root/autodl-tmp/results/models/checkpoints/hmmem-llama2-iemocap4-classification-20260703_102737-epoch15.ckpt
2026-07-03 12:14:55:INFO:TRAIN-(hmmem) (2/31/1)>> loss: 0.4951
2026-07-03 12:15:02:INFO:VAL-(hmmem) >>
2026-07-03 12:15:02:INFO:M: >>  acc: 0.5547  UA: 0.5635  weight_F1: 0.5604  Macro_F1: 0.5575 
2026-07-03 12:18:15:INFO:TRAIN-(hmmem) (3/32/1)>> loss: 0.4958
2026-07-03 12:18:21:INFO:VAL-(hmmem) >>
2026-07-03 12:18:21:INFO:M: >>  acc: 0.5547  UA: 0.5571  weight_F1: 0.5593  Macro_F1: 0.5538 
2026-07-03 12:21:34:INFO:TRAIN-(hmmem) (4/33/1)>> loss: 0.4962
2026-07-03 12:21:41:INFO:VAL-(hmmem) >>
2026-07-03 12:21:41:INFO:M: >>  acc: 0.5627  UA: 0.5713  weight_F1: 0.5683  Macro_F1: 0.5656 
2026-07-03 12:24:53:INFO:TRAIN-(hmmem) (5/34/1)>> loss: 0.4961
2026-07-03 12:25:00:INFO:VAL-(hmmem) >>
2026-07-03 12:25:00:INFO:M: >>  acc: 0.5547  UA: 0.5650  weight_F1: 0.5602  Macro_F1: 0.5577 
2026-07-03 12:28:13:INFO:TRAIN-(hmmem) (6/35/1)>> loss: 0.4954
2026-07-03 12:28:19:INFO:VAL-(hmmem) >>
2026-07-03 12:28:19:INFO:M: >>  acc: 0.5493  UA: 0.5549  weight_F1: 0.5548  Macro_F1: 0.5501 
2026-07-03 12:28:28:INFO:Checkpoint saved at epoch 35 -> /root/autodl-tmp/results/models/checkpoints/hmmem-llama2-iemocap4-classification-20260703_102737-epoch35.ckpt
2026-07-03 12:28:29:INFO:Removed old checkpoint: /root/autodl-tmp/results/models/checkpoints/hmmem-llama2-iemocap4-classification-20260703_102737-epoch20.ckpt
2026-07-03 12:31:42:INFO:TRAIN-(hmmem) (7/36/1)>> loss: 0.4955
2026-07-03 12:31:49:INFO:VAL-(hmmem) >>
2026-07-03 12:31:49:INFO:M: >>  acc: 0.5413  UA: 0.5515  weight_F1: 0.5456  Macro_F1: 0.5431 
2026-07-03 12:35:01:INFO:TRAIN-(hmmem) (8/37/1)>> loss: 0.4959
2026-07-03 12:35:08:INFO:VAL-(hmmem) >>
2026-07-03 12:35:08:INFO:M: >>  acc: 0.5413  UA: 0.5637  weight_F1: 0.5448  Macro_F1: 0.5474 
2026-07-03 12:35:30:INFO:TEST-(hmmem) >>
2026-07-03 12:35:30:INFO:M: >>  acc: 0.5157  UA: 0.5112  weight_F1: 0.5109  Macro_F1: 0.5093 
2026-07-03 12:35:30:INFO:============================================================
2026-07-03 12:35:30:INFO:         Detailed Classification Analysis
2026-07-03 12:35:30:INFO:============================================================
2026-07-03 12:35:30:INFO:         Class     Prec   Recall       F1   Support
2026-07-03 12:35:30:INFO:------------------------------------------------------------
2026-07-03 12:35:30:INFO:         angry   0.5155   0.4882   0.5015       170
2026-07-03 12:35:30:INFO:         happy   0.5737   0.4140   0.4809       442
2026-07-03 12:35:30:INFO:           sad   0.5302   0.4653   0.4957       245
2026-07-03 12:35:30:INFO:       neutral   0.4762   0.6771   0.5591       384
2026-07-03 12:35:30:INFO:------------------------------------------------------------
2026-07-03 12:35:30:INFO:  WA  (Weighted Accuracy) : 0.5157
2026-07-03 12:35:30:INFO:  UA  (Unweighted Accuracy): 0.5112
2026-07-03 12:35:30:INFO:  WF1 (Weighted F1)       : 0.5109
2026-07-03 12:35:30:INFO:  Macro-F1                : 0.5093
2026-07-03 12:35:30:INFO:============================================================
2026-07-03 12:35:31:INFO:Confusion matrix saved → /root/autodl-tmp/results/results/analysis/hmmem-llama2-iemocap4-20260703_102737/hmmem-llama2-iemocap4-TEST-confusion_matrix.png (+.svg)
2026-07-03 12:35:31:INFO:t-SNE features saved → /root/autodl-tmp/results/results/analysis/hmmem-llama2-iemocap4-20260703_102737/hmmem-llama2-iemocap4-TEST-tsne_features.npz
2026-07-03 12:35:31:INFO:t-SNE balanced sampling: 1241 → 600 (max_per_class=150)
2026-07-03 12:35:34:INFO:Emotion t-SNE saved → /root/autodl-tmp/results/results/analysis/hmmem-llama2-iemocap4-20260703_102737/hmmem-llama2-iemocap4-TEST-tsne_emotion_true.png (+.svg, +pred)
2026-07-03 12:35:56:INFO:Modality t-SNE saved → /root/autodl-tmp/results/results/analysis/hmmem-llama2-iemocap4-20260703_102737/hmmem-llama2-iemocap4-TEST-tsne_modality.png (+.svg)
2026-07-03 12:35:57:INFO:Results are added to /root/autodl-tmp/results/results/hmmem-llama2-iemocap4-classification.csv...
2026-07-03 14:30:39:INFO:========= 准备训练数据集: iemocap4 (classification) =========
2026-07-03 14:30:39:INFO:[ConfigResolver] model_type=llama2, dataset=iemocap4, task=classification, profile_keys=['pretrain_LM', 'lora_target_modules', 'task_specific_prompt', 'max_new_tokens', 'pseudo_tokens', 'label_index_mapping', 'batch_size', 'gradient_accumulation_steps', 'learning_rate', 'a_lstm_hidden_size', 'v_lstm_hidden_size', 'a_lstm_layers', 'v_lstm_layers', 'a_lstm_dropout', 'v_lstm_dropout', 'warm_up_epochs', 'gamma', 'update_epochs', 'early_stop', 'max_epochs', 'H']
2026-07-03 14:30:39:INFO:Start running hmmem...
2026-07-03 14:30:39:INFO:<Storage{'is_tune': False, 'train_mode': 'classification', 'modelName': 'hmmem', 'model_type': 'llama2', 'datasetName': 'iemocap4', 'root_dataset_dir': '/root/autodl-tmp/datasets/', 'data_dir': 'IEMOCAP_UniMSE', 'num_workers': 4, 'model_save_dir': '/root/autodl-tmp/results/models', 'res_save_dir': '/root/autodl-tmp/results/results', 'pretrain_LM': '/root/autodl-tmp/models/Llama-2-7b', 'gpu_ids': [], 'seeds': [2234, 3234], 'use_tgm': True, 'use_origin_amm': False, 'use_amm': False, 'amm_mode': 'base', 'num_emotion_prototypes': 4, 'use_atgfbff': False, 'use_atgfbff_loss': True, 'use_shared_offset': False, 'use_shared_offset_loss': True, 'shared_offset_mode': 'gate', 'alpha_align': 0.6, 'beta_fiber': 0.1, 'beta_offset': 0.1, 'num_latents': 4, 'use_mslaf': False, 'use_tcap': False, 'use_amm_align_loss': True, 'alpha_amm': 0.5, 'beta_moe': 0.1, 'bypass_scale_init': 0.3, 'use_msf': True, 'use_moe_fusion': False, 'use_sd_moe': False, 'use_gate': False, 'use_moe_lb_loss': False, 'num_local_experts': 3, 'expert_bottleneck': 64, 'use_qformer': False, 'qformer_num_queries': 8, 'qformer_layers': 4, 'qformer_heads': 8, 'qformer_d_model': 256, 'use_cross_attn_expander': False, 'use_diff_loss': False, 'use_expert_diff_loss': False, 'diff_loss_weight': 1.0, 'use_nce_loss': False, 'nce_hidden_dim': 32, 'nce_pred_steps': 2, 'nce_weight': 1.0, 'lb_loss_weight': 1.0, 'adapter_dim': 128, 'audio_adapter_dim': None, 'video_adapter_dim': None, 'iemocap_feature_mode': 'compressed', 'meld_feature_mode': 'raw', 'mosei_feature_mode': 'legacy', 'a_lstm_hidden_size': 64, 'v_lstm_hidden_size': 32, 'use_lora': False, 'lora_r': 16, 'lora_alpha': 32, 'lora_dropout': 0.05, 'lora_target_modules': 'q_proj,v_proj', 'lora_warmup_epochs': 0, 'lora_lr': 2e-05, 'use_int8': False, 'modalities': 'tav', 'use_bilstm': False, 'modality_dropout_p': 0.0, 'use_oversampling': False, 'oversampling_alpha': 0.5, 'label_format': 'index', 'use_cls_head': False, 'use_context': False, 'text_seq_len': None, 'prompt_context': False, 'context_max_tokens': 64, 'context_window': 0, 'use_speaker_tag': False, 'raw_av_mode': 'none', 'av_pseudo_tokens': 4, 'prompt_style': 'default', 'batch_size': 24, 'learning_rate': 5e-05, 'max_epochs': 50, 'warm_up_epochs': 30, 'early_stop': 8, 'gradient_accumulation_steps': 2, 'resume_checkpoint': None, 'ckpt_save_interval': 5, 'eval_only': False, 'eval_model_path': None, 'tsne_max_per_class': 150, 'timestamp': '20260703_143039', 'dataPath': '/root/autodl-tmp/datasets/IEMOCAP_UniMSE/iemocap_data_0610.pkl', 'seq_lens': (84, 157, 32), 'feature_dims': (0, 64, 64), 'train_samples': 4290, 'num_classes': 4, 'language': 'en', 'KeyEval': 'weight_F1', 'need_data_aligned': False, 'need_model_aligned': False, 'need_label_prefix': True, 'need_normalized': False, 'use_PLM': True, 'save_labels': False, 'task_specific_prompt': 'Please recognize the emotion of the above multimodal content from the target set <angry:0, happy:1, sad:2, neutral:3>. Assistant: The emotion is', 'max_new_tokens': 2, 'pseudo_tokens': 4, 'label_index_mapping': {'angry': 0, 'happy': 1, 'sad': 2, 'neutral': 3}, 'a_lstm_layers': 1, 'v_lstm_layers': 1, 'a_lstm_dropout': 0.0, 'v_lstm_dropout': 0.0, 'gamma': 1, 'update_epochs': 1, 'H': 3.0, 'seed': 2234}>
2026-07-03 14:30:39:INFO:Find gpu: 0, with memory: 509607936 left!
2026-07-03 14:30:39:INFO:Let's use the GPU 1 !
2026-07-03 14:30:40:INFO:Using pre-parsed CSV files from: /root/autodl-tmp/datasets/IEMOCAP/iemocap_text
2026-07-03 14:30:40:INFO:IEMOCAP train split loaded 3915/5354 samples (drop: missing_meta=117, unknown_emo=1322, mapping_missing=0, missing_modal=0)
2026-07-03 14:30:41:INFO:Using pre-parsed CSV files from: /root/autodl-tmp/datasets/IEMOCAP/iemocap_text
2026-07-03 14:30:41:INFO:IEMOCAP valid split loaded 375/528 samples (drop: missing_meta=7, unknown_emo=146, mapping_missing=0, missing_modal=0)
2026-07-03 14:30:42:INFO:Using pre-parsed CSV files from: /root/autodl-tmp/datasets/IEMOCAP/iemocap_text
2026-07-03 14:30:42:INFO:IEMOCAP test split loaded 1241/1650 samples (drop: missing_meta=28, unknown_emo=381, mapping_missing=0, missing_modal=0)
2026-07-03 14:31:00:INFO:torch.compile enabled for: audio_LSTM, video_LSTM, mixer, fusion
2026-07-03 14:31:00:INFO:trainable params: 2632844 || all params: 6741048460 || trainable%: 0.03905689175241443
2026-07-03 14:31:00:INFO:Single-LR optimizer: 32 tensors, lr=5e-05
2026-07-03 14:31:00:INFO:Init labels...
2026-07-03 14:31:00:INFO:Start training...
2026-07-03 14:31:00:INFO:  Batch size = 24
2026-07-03 14:31:00:INFO:  Gradient Accumulation steps = 2
2026-07-03 14:31:00:INFO:  Effective batch size = 48
2026-07-03 14:31:00:INFO:  AMP dtype = torch.bfloat16
2026-07-03 14:34:13:INFO:TRAIN-(hmmem) (1/1/1)>> loss: 3.4013
2026-07-03 14:34:15:INFO:[GenDebug] model_type=llama2, max_new_tokens=2
2026-07-03 14:34:15:INFO:[GenDebug] inputs_embeds.shape=torch.Size([24, 144, 4096]), outputs.shape=torch.Size([24, 3])
2026-07-03 14:34:15:INFO:[GenDebug] outputs[0] token IDs: [1, 263, 29544]
2026-07-03 14:34:15:INFO:[GenDebug] outputs[0] full decode: 'a mixture'
2026-07-03 14:34:15:INFO:[GenDebug] decoded responses[:8]: ['a mixture', 'a:', 'a mixture', ':1', 'a:', 'a:', '\nЉ', 'a ']
2026-07-03 14:34:21:INFO:VAL-(hmmem) >>
2026-07-03 14:34:21:INFO:M: >>  acc: 0.2667  UA: 0.2475  weight_F1: 0.1136  Macro_F1: 0.1055 
2026-07-03 14:34:28:INFO:Saving best model at epoch 1 to /root/autodl-tmp/results/models/hmmem-llama2-iemocap4-classification-20260703_143039.pth.
2026-07-03 14:37:42:INFO:TRAIN-(hmmem) (1/2/1)>> loss: 1.6546
2026-07-03 14:37:48:INFO:VAL-(hmmem) >>
2026-07-03 14:37:48:INFO:M: >>  acc: 0.3013  UA: 0.2313  weight_F1: 0.2967  Macro_F1: 0.2192 
2026-07-03 14:37:56:INFO:Saving best model at epoch 2 to /root/autodl-tmp/results/models/hmmem-llama2-iemocap4-classification-20260703_143039.pth.
2026-07-03 14:41:11:INFO:TRAIN-(hmmem) (1/3/1)>> loss: 0.7901
2026-07-03 14:41:18:INFO:VAL-(hmmem) >>
2026-07-03 14:41:18:INFO:M: >>  acc: 0.3333  UA: 0.3087  weight_F1: 0.3233  Macro_F1: 0.3003 
2026-07-03 14:41:25:INFO:Saving best model at epoch 3 to /root/autodl-tmp/results/models/hmmem-llama2-iemocap4-classification-20260703_143039.pth.
2026-07-03 14:44:39:INFO:TRAIN-(hmmem) (1/4/1)>> loss: 0.7058
2026-07-03 14:44:45:INFO:VAL-(hmmem) >>
2026-07-03 14:44:45:INFO:M: >>  acc: 0.3200  UA: 0.2826  weight_F1: 0.2709  Macro_F1: 0.2378 
2026-07-03 14:47:57:INFO:TRAIN-(hmmem) (2/5/1)>> loss: 0.6899
2026-07-03 14:48:03:INFO:VAL-(hmmem) >>
2026-07-03 14:48:03:INFO:M: >>  acc: 0.2747  UA: 0.2745  weight_F1: 0.2281  Macro_F1: 0.2008 
2026-07-03 14:48:12:INFO:Checkpoint saved at epoch 5 -> /root/autodl-tmp/results/models/checkpoints/hmmem-llama2-iemocap4-classification-20260703_143039-epoch5.ckpt
2026-07-03 14:51:24:INFO:TRAIN-(hmmem) (3/6/1)>> loss: 0.6858
2026-07-03 14:51:31:INFO:VAL-(hmmem) >>
2026-07-03 14:51:31:INFO:M: >>  acc: 0.3600  UA: 0.2983  weight_F1: 0.3026  Macro_F1: 0.2641 
2026-07-03 14:54:42:INFO:TRAIN-(hmmem) (4/7/1)>> loss: 0.6777
2026-07-03 14:54:49:INFO:VAL-(hmmem) >>
2026-07-03 14:54:49:INFO:M: >>  acc: 0.2933  UA: 0.2645  weight_F1: 0.2473  Macro_F1: 0.2096 
2026-07-03 14:58:00:INFO:TRAIN-(hmmem) (5/8/1)>> loss: 0.6820
2026-07-03 14:58:07:INFO:VAL-(hmmem) >>
2026-07-03 14:58:07:INFO:M: >>  acc: 0.2373  UA: 0.2872  weight_F1: 0.2184  Macro_F1: 0.2220 
2026-07-03 15:01:18:INFO:TRAIN-(hmmem) (6/9/1)>> loss: 0.6756
2026-07-03 15:01:25:INFO:VAL-(hmmem) >>
2026-07-03 15:01:25:INFO:M: >>  acc: 0.4053  UA: 0.3312  weight_F1: 0.3427  Macro_F1: 0.2975 
2026-07-03 15:01:32:INFO:Saving best model at epoch 9 to /root/autodl-tmp/results/models/hmmem-llama2-iemocap4-classification-20260703_143039.pth.
2026-07-03 15:04:48:INFO:TRAIN-(hmmem) (1/10/1)>> loss: 0.6683
2026-07-03 15:04:54:INFO:VAL-(hmmem) >>
2026-07-03 15:04:54:INFO:M: >>  acc: 0.3520  UA: 0.2810  weight_F1: 0.3040  Macro_F1: 0.2625 
2026-07-03 15:05:03:INFO:Checkpoint saved at epoch 10 -> /root/autodl-tmp/results/models/checkpoints/hmmem-llama2-iemocap4-classification-20260703_143039-epoch10.ckpt
2026-07-03 15:08:15:INFO:TRAIN-(hmmem) (2/11/1)>> loss: 0.6671
2026-07-03 15:08:21:INFO:VAL-(hmmem) >>
2026-07-03 15:08:21:INFO:M: >>  acc: 0.2827  UA: 0.3039  weight_F1: 0.2509  Macro_F1: 0.2282 
2026-07-03 15:11:33:INFO:TRAIN-(hmmem) (3/12/1)>> loss: 0.6638
2026-07-03 15:11:39:INFO:VAL-(hmmem) >>
2026-07-03 15:11:39:INFO:M: >>  acc: 0.3600  UA: 0.3633  weight_F1: 0.3534  Macro_F1: 0.3378 
2026-07-03 15:11:46:INFO:Saving best model at epoch 12 to /root/autodl-tmp/results/models/hmmem-llama2-iemocap4-classification-20260703_143039.pth.
2026-07-03 15:15:00:INFO:TRAIN-(hmmem) (1/13/1)>> loss: 0.6584
2026-07-03 15:15:06:INFO:VAL-(hmmem) >>
2026-07-03 15:15:06:INFO:M: >>  acc: 0.3013  UA: 0.3111  weight_F1: 0.2805  Macro_F1: 0.2548 
2026-07-03 15:18:17:INFO:TRAIN-(hmmem) (2/14/1)>> loss: 0.6576
2026-07-03 15:18:24:INFO:VAL-(hmmem) >>
2026-07-03 15:18:24:INFO:M: >>  acc: 0.2960  UA: 0.2854  weight_F1: 0.2318  Macro_F1: 0.2056 
2026-07-03 15:21:35:INFO:TRAIN-(hmmem) (3/15/1)>> loss: 0.6542
2026-07-03 15:21:41:INFO:VAL-(hmmem) >>
2026-07-03 15:21:41:INFO:M: >>  acc: 0.3680  UA: 0.3235  weight_F1: 0.3457  Macro_F1: 0.3126 
2026-07-03 15:21:52:INFO:Checkpoint saved at epoch 15 -> /root/autodl-tmp/results/models/checkpoints/hmmem-llama2-iemocap4-classification-20260703_143039-epoch15.ckpt
2026-07-03 15:25:04:INFO:TRAIN-(hmmem) (4/16/1)>> loss: 0.6517
2026-07-03 15:25:10:INFO:VAL-(hmmem) >>
2026-07-03 15:25:10:INFO:M: >>  acc: 0.2827  UA: 0.2939  weight_F1: 0.2597  Macro_F1: 0.2374 
2026-07-03 15:28:21:INFO:TRAIN-(hmmem) (5/17/1)>> loss: 0.6439
2026-07-03 15:28:28:INFO:VAL-(hmmem) >>
2026-07-03 15:28:28:INFO:M: >>  acc: 0.3413  UA: 0.3124  weight_F1: 0.3375  Macro_F1: 0.3109 
2026-07-03 15:31:39:INFO:TRAIN-(hmmem) (6/18/1)>> loss: 0.6412
2026-07-03 15:31:45:INFO:VAL-(hmmem) >>
2026-07-03 15:31:45:INFO:M: >>  acc: 0.3493  UA: 0.3085  weight_F1: 0.3012  Macro_F1: 0.2661 
2026-07-03 15:34:57:INFO:TRAIN-(hmmem) (7/19/1)>> loss: 0.6324
2026-07-03 15:35:03:INFO:VAL-(hmmem) >>
2026-07-03 15:35:03:INFO:M: >>  acc: 0.2720  UA: 0.2896  weight_F1: 0.2490  Macro_F1: 0.2314 
2026-07-03 15:38:15:INFO:TRAIN-(hmmem) (8/20/1)>> loss: 0.6334
2026-07-03 15:38:21:INFO:VAL-(hmmem) >>
2026-07-03 15:38:21:INFO:M: >>  acc: 0.3387  UA: 0.3055  weight_F1: 0.3071  Macro_F1: 0.2748 
2026-07-03 15:38:30:INFO:Checkpoint saved at epoch 20 -> /root/autodl-tmp/results/models/checkpoints/hmmem-llama2-iemocap4-classification-20260703_143039-epoch20.ckpt
2026-07-03 15:38:31:INFO:Removed old checkpoint: /root/autodl-tmp/results/models/checkpoints/hmmem-llama2-iemocap4-classification-20260703_143039-epoch5.ckpt
2026-07-03 15:38:52:INFO:TEST-(hmmem) >>
2026-07-03 15:38:52:INFO:M: >>  acc: 0.3231  UA: 0.3201  weight_F1: 0.3147  Macro_F1: 0.2916 
2026-07-03 15:38:52:INFO:============================================================
2026-07-03 15:38:52:INFO:         Detailed Classification Analysis
2026-07-03 15:38:52:INFO:============================================================
2026-07-03 15:38:52:INFO:         Class     Prec   Recall       F1   Support
2026-07-03 15:38:52:INFO:------------------------------------------------------------
2026-07-03 15:38:52:INFO:         angry   0.2154   0.4765   0.2967       170
2026-07-03 15:38:52:INFO:         happy   0.4084   0.4186   0.4134       442
2026-07-03 15:38:52:INFO:           sad   0.2035   0.0939   0.1285       245
2026-07-03 15:38:52:INFO:       neutral   0.3746   0.2917   0.3280       384
2026-07-03 15:38:52:INFO:------------------------------------------------------------
2026-07-03 15:38:52:INFO:  WA  (Weighted Accuracy) : 0.3231
2026-07-03 15:38:52:INFO:  UA  (Unweighted Accuracy): 0.3201
2026-07-03 15:38:52:INFO:  WF1 (Weighted F1)       : 0.3147
2026-07-03 15:38:52:INFO:  Macro-F1                : 0.2916
2026-07-03 15:38:52:INFO:============================================================
2026-07-03 15:38:53:INFO:Confusion matrix saved → /root/autodl-tmp/results/results/analysis/hmmem-llama2-iemocap4-20260703_143039/hmmem-llama2-iemocap4-TEST-confusion_matrix.png (+.svg)
2026-07-03 15:38:53:INFO:t-SNE features saved → /root/autodl-tmp/results/results/analysis/hmmem-llama2-iemocap4-20260703_143039/hmmem-llama2-iemocap4-TEST-tsne_features.npz
2026-07-03 15:38:53:INFO:t-SNE balanced sampling: 1241 → 600 (max_per_class=150)
2026-07-03 15:38:59:INFO:Emotion t-SNE saved → /root/autodl-tmp/results/results/analysis/hmmem-llama2-iemocap4-20260703_143039/hmmem-llama2-iemocap4-TEST-tsne_emotion_true.png (+.svg, +pred)
2026-07-03 15:39:21:INFO:Modality t-SNE saved → /root/autodl-tmp/results/results/analysis/hmmem-llama2-iemocap4-20260703_143039/hmmem-llama2-iemocap4-TEST-tsne_modality.png (+.svg)
2026-07-03 15:39:22:INFO:Results are added to /root/autodl-tmp/results/results/hmmem-llama2-iemocap4-classification.csv...
2026-07-03 15:39:22:INFO:[ConfigResolver] model_type=llama2, dataset=iemocap4, task=classification, profile_keys=['pretrain_LM', 'lora_target_modules', 'task_specific_prompt', 'max_new_tokens', 'pseudo_tokens', 'label_index_mapping', 'batch_size', 'gradient_accumulation_steps', 'learning_rate', 'a_lstm_hidden_size', 'v_lstm_hidden_size', 'a_lstm_layers', 'v_lstm_layers', 'a_lstm_dropout', 'v_lstm_dropout', 'warm_up_epochs', 'gamma', 'update_epochs', 'early_stop', 'max_epochs', 'H']
2026-07-03 15:39:22:INFO:Start running hmmem...
2026-07-03 15:39:22:INFO:<Storage{'is_tune': False, 'train_mode': 'classification', 'modelName': 'hmmem', 'model_type': 'llama2', 'datasetName': 'iemocap4', 'root_dataset_dir': '/root/autodl-tmp/datasets/', 'data_dir': 'IEMOCAP_UniMSE', 'num_workers': 4, 'model_save_dir': '/root/autodl-tmp/results/models', 'res_save_dir': '/root/autodl-tmp/results/results', 'pretrain_LM': '/root/autodl-tmp/models/Llama-2-7b', 'gpu_ids': [0], 'seeds': [2234, 3234], 'use_tgm': True, 'use_origin_amm': False, 'use_amm': False, 'amm_mode': 'base', 'num_emotion_prototypes': 4, 'use_atgfbff': False, 'use_atgfbff_loss': True, 'use_shared_offset': False, 'use_shared_offset_loss': True, 'shared_offset_mode': 'gate', 'alpha_align': 0.6, 'beta_fiber': 0.1, 'beta_offset': 0.1, 'num_latents': 4, 'use_mslaf': False, 'use_tcap': False, 'use_amm_align_loss': True, 'alpha_amm': 0.5, 'beta_moe': 0.1, 'bypass_scale_init': 0.3, 'use_msf': True, 'use_moe_fusion': False, 'use_sd_moe': False, 'use_gate': False, 'use_moe_lb_loss': False, 'num_local_experts': 3, 'expert_bottleneck': 64, 'use_qformer': False, 'qformer_num_queries': 8, 'qformer_layers': 4, 'qformer_heads': 8, 'qformer_d_model': 256, 'use_cross_attn_expander': False, 'use_diff_loss': False, 'use_expert_diff_loss': False, 'diff_loss_weight': 1.0, 'use_nce_loss': False, 'nce_hidden_dim': 32, 'nce_pred_steps': 2, 'nce_weight': 1.0, 'lb_loss_weight': 1.0, 'adapter_dim': 128, 'audio_adapter_dim': None, 'video_adapter_dim': None, 'iemocap_feature_mode': 'compressed', 'meld_feature_mode': 'raw', 'mosei_feature_mode': 'legacy', 'a_lstm_hidden_size': 64, 'v_lstm_hidden_size': 32, 'use_lora': False, 'lora_r': 16, 'lora_alpha': 32, 'lora_dropout': 0.05, 'lora_target_modules': 'q_proj,v_proj', 'lora_warmup_epochs': 0, 'lora_lr': 2e-05, 'use_int8': False, 'modalities': 'tav', 'use_bilstm': False, 'modality_dropout_p': 0.0, 'use_oversampling': False, 'oversampling_alpha': 0.5, 'label_format': 'index', 'use_cls_head': False, 'use_context': False, 'text_seq_len': None, 'prompt_context': False, 'context_max_tokens': 64, 'context_window': 0, 'use_speaker_tag': False, 'raw_av_mode': 'none', 'av_pseudo_tokens': 4, 'prompt_style': 'default', 'batch_size': 24, 'learning_rate': 5e-05, 'max_epochs': 50, 'warm_up_epochs': 30, 'early_stop': 8, 'gradient_accumulation_steps': 2, 'resume_checkpoint': None, 'ckpt_save_interval': 5, 'eval_only': False, 'eval_model_path': None, 'tsne_max_per_class': 150, 'timestamp': '20260703_143039', 'dataPath': '/root/autodl-tmp/datasets/IEMOCAP_UniMSE/iemocap_data_0610.pkl', 'seq_lens': (84, 157, 32), 'feature_dims': (0, 64, 64), 'train_samples': 4290, 'num_classes': 4, 'language': 'en', 'KeyEval': 'weight_F1', 'need_data_aligned': False, 'need_model_aligned': False, 'need_label_prefix': True, 'need_normalized': False, 'use_PLM': True, 'save_labels': False, 'task_specific_prompt': 'Please recognize the emotion of the above multimodal content from the target set <angry:0, happy:1, sad:2, neutral:3>. Assistant: The emotion is', 'max_new_tokens': 2, 'pseudo_tokens': 4, 'label_index_mapping': {'angry': 0, 'happy': 1, 'sad': 2, 'neutral': 3}, 'a_lstm_layers': 1, 'v_lstm_layers': 1, 'a_lstm_dropout': 0.0, 'v_lstm_dropout': 0.0, 'gamma': 1, 'update_epochs': 1, 'H': 3.0, 'seed': 3234}>
2026-07-03 15:39:22:INFO:Let's use the GPU 1 !
2026-07-03 15:39:23:INFO:Using pre-parsed CSV files from: /root/autodl-tmp/datasets/IEMOCAP/iemocap_text
2026-07-03 15:39:23:INFO:IEMOCAP train split loaded 3915/5354 samples (drop: missing_meta=117, unknown_emo=1322, mapping_missing=0, missing_modal=0)
2026-07-03 15:39:24:INFO:Using pre-parsed CSV files from: /root/autodl-tmp/datasets/IEMOCAP/iemocap_text
2026-07-03 15:39:24:INFO:IEMOCAP valid split loaded 375/528 samples (drop: missing_meta=7, unknown_emo=146, mapping_missing=0, missing_modal=0)
2026-07-03 15:39:24:INFO:Using pre-parsed CSV files from: /root/autodl-tmp/datasets/IEMOCAP/iemocap_text
2026-07-03 15:39:24:INFO:IEMOCAP test split loaded 1241/1650 samples (drop: missing_meta=28, unknown_emo=381, mapping_missing=0, missing_modal=0)
2026-07-03 15:39:40:INFO:torch.compile enabled for: audio_LSTM, video_LSTM, mixer, fusion
2026-07-03 15:39:40:INFO:trainable params: 2632844 || all params: 6741048460 || trainable%: 0.03905689175241443
2026-07-03 15:39:40:INFO:Single-LR optimizer: 32 tensors, lr=5e-05
2026-07-03 15:39:40:INFO:Init labels...
2026-07-03 15:39:40:INFO:Start training...
2026-07-03 15:39:40:INFO:  Batch size = 24
2026-07-03 15:39:40:INFO:  Gradient Accumulation steps = 2
2026-07-03 15:39:40:INFO:  Effective batch size = 48
2026-07-03 15:39:40:INFO:  AMP dtype = torch.bfloat16
2026-07-03 15:42:51:INFO:TRAIN-(hmmem) (1/1/2)>> loss: 3.0004
2026-07-03 15:42:52:INFO:[GenDebug] model_type=llama2, max_new_tokens=2
2026-07-03 15:42:52:INFO:[GenDebug] inputs_embeds.shape=torch.Size([24, 144, 4096]), outputs.shape=torch.Size([24, 3])
2026-07-03 15:42:52:INFO:[GenDebug] outputs[0] token IDs: [1, 29871, 29941]
2026-07-03 15:42:52:INFO:[GenDebug] outputs[0] full decode: '3'
2026-07-03 15:42:52:INFO:[GenDebug] decoded responses[:8]: ['3', '1', '2', '1', '1', '1', '\nЉ', '3']
2026-07-03 15:42:58:INFO:VAL-(hmmem) >>
2026-07-03 15:42:58:INFO:M: >>  acc: 0.2613  UA: 0.2821  weight_F1: 0.2557  Macro_F1: 0.2592 
2026-07-03 15:43:05:INFO:Saving best model at epoch 1 to /root/autodl-tmp/results/models/hmmem-llama2-iemocap4-classification-20260703_143039.pth.
2026-07-03 15:46:19:INFO:TRAIN-(hmmem) (1/2/2)>> loss: 1.0067
2026-07-03 15:46:25:INFO:VAL-(hmmem) >>
2026-07-03 15:46:25:INFO:M: >>  acc: 0.2827  UA: 0.2679  weight_F1: 0.2793  Macro_F1: 0.2555 
2026-07-03 15:46:34:INFO:Saving best model at epoch 2 to /root/autodl-tmp/results/models/hmmem-llama2-iemocap4-classification-20260703_143039.pth.
2026-07-03 15:49:47:INFO:TRAIN-(hmmem) (1/3/2)>> loss: 0.7113
2026-07-03 15:49:54:INFO:VAL-(hmmem) >>
2026-07-03 15:49:54:INFO:M: >>  acc: 0.2373  UA: 0.2643  weight_F1: 0.2065  Macro_F1: 0.1952 
2026-07-03 15:53:06:INFO:TRAIN-(hmmem) (2/4/2)>> loss: 0.6932
2026-07-03 15:53:12:INFO:VAL-(hmmem) >>
2026-07-03 15:53:12:INFO:M: >>  acc: 0.3360  UA: 0.2997  weight_F1: 0.2868  Macro_F1: 0.2508 
2026-07-03 15:53:20:INFO:Saving best model at epoch 4 to /root/autodl-tmp/results/models/hmmem-llama2-iemocap4-classification-20260703_143039.pth.
2026-07-03 15:56:35:INFO:TRAIN-(hmmem) (1/5/2)>> loss: 0.6855
2026-07-03 15:56:41:INFO:VAL-(hmmem) >>
2026-07-03 15:56:41:INFO:M: >>  acc: 0.3280  UA: 0.2912  weight_F1: 0.2613  Macro_F1: 0.2270 
2026-07-03 15:56:51:INFO:Checkpoint saved at epoch 5 -> /root/autodl-tmp/results/models/checkpoints/hmmem-llama2-iemocap4-classification-20260703_143039-epoch5.ckpt
2026-07-03 15:56:51:INFO:Removed old checkpoint: /root/autodl-tmp/results/models/checkpoints/hmmem-llama2-iemocap4-classification-20260703_143039-epoch10.ckpt
2026-07-03 16:00:02:INFO:TRAIN-(hmmem) (2/6/2)>> loss: 0.6830
2026-07-03 16:00:09:INFO:VAL-(hmmem) >>
2026-07-03 16:00:09:INFO:M: >>  acc: 0.3520  UA: 0.2751  weight_F1: 0.2329  Macro_F1: 0.1949 
2026-07-03 16:03:20:INFO:TRAIN-(hmmem) (3/7/2)>> loss: 0.6789
2026-07-03 16:03:27:INFO:VAL-(hmmem) >>
2026-07-03 16:03:27:INFO:M: >>  acc: 0.2827  UA: 0.3085  weight_F1: 0.2697  Macro_F1: 0.2555 
2026-07-03 16:06:38:INFO:TRAIN-(hmmem) (4/8/2)>> loss: 0.6800
2026-07-03 16:06:45:INFO:VAL-(hmmem) >>
2026-07-03 16:06:45:INFO:M: >>  acc: 0.3653  UA: 0.2899  weight_F1: 0.3067  Macro_F1: 0.2577 
2026-07-03 16:06:52:INFO:Saving best model at epoch 8 to /root/autodl-tmp/results/models/hmmem-llama2-iemocap4-classification-20260703_143039.pth.
2026-07-03 16:10:05:INFO:TRAIN-(hmmem) (1/9/2)>> loss: 0.6783
2026-07-03 16:10:12:INFO:VAL-(hmmem) >>
2026-07-03 16:10:12:INFO:M: >>  acc: 0.2987  UA: 0.2713  weight_F1: 0.2221  Macro_F1: 0.1904 
2026-07-03 16:13:24:INFO:TRAIN-(hmmem) (2/10/2)>> loss: 0.6743
2026-07-03 16:13:30:INFO:VAL-(hmmem) >>
2026-07-03 16:13:30:INFO:M: >>  acc: 0.3147  UA: 0.2649  weight_F1: 0.2279  Macro_F1: 0.1945 
2026-07-03 16:13:40:INFO:Checkpoint saved at epoch 10 -> /root/autodl-tmp/results/models/checkpoints/hmmem-llama2-iemocap4-classification-20260703_143039-epoch10.ckpt
2026-07-03 16:13:41:INFO:Removed old checkpoint: /root/autodl-tmp/results/models/checkpoints/hmmem-llama2-iemocap4-classification-20260703_143039-epoch15.ckpt
2026-07-03 16:16:52:INFO:TRAIN-(hmmem) (3/11/2)>> loss: 0.6723
2026-07-03 16:16:59:INFO:VAL-(hmmem) >>
2026-07-03 16:16:59:INFO:M: >>  acc: 0.3467  UA: 0.2920  weight_F1: 0.2573  Macro_F1: 0.2187 
2026-07-03 16:20:10:INFO:TRAIN-(hmmem) (4/12/2)>> loss: 0.6710
2026-07-03 16:20:16:INFO:VAL-(hmmem) >>
2026-07-03 16:20:16:INFO:M: >>  acc: 0.2907  UA: 0.3112  weight_F1: 0.2696  Macro_F1: 0.2481 
2026-07-03 16:23:28:INFO:TRAIN-(hmmem) (5/13/2)>> loss: 0.6636
2026-07-03 16:23:34:INFO:VAL-(hmmem) >>
2026-07-03 16:23:34:INFO:M: >>  acc: 0.3013  UA: 0.3014  weight_F1: 0.2397  Macro_F1: 0.2141 
2026-07-03 16:26:46:INFO:TRAIN-(hmmem) (6/14/2)>> loss: 0.6582
2026-07-03 16:26:52:INFO:VAL-(hmmem) >>
2026-07-03 16:26:52:INFO:M: >>  acc: 0.3653  UA: 0.3778  weight_F1: 0.3556  Macro_F1: 0.3356 
2026-07-03 16:27:00:INFO:Saving best model at epoch 14 to /root/autodl-tmp/results/models/hmmem-llama2-iemocap4-classification-20260703_143039.pth.
2026-07-03 16:30:13:INFO:TRAIN-(hmmem) (1/15/2)>> loss: 0.6467
2026-07-03 16:30:20:INFO:VAL-(hmmem) >>
2026-07-03 16:30:20:INFO:M: >>  acc: 0.4400  UA: 0.3722  weight_F1: 0.3984  Macro_F1: 0.3580 
2026-07-03 16:30:27:INFO:Saving best model at epoch 15 to /root/autodl-tmp/results/models/hmmem-llama2-iemocap4-classification-20260703_143039.pth.
2026-07-03 16:30:38:INFO:Checkpoint saved at epoch 15 -> /root/autodl-tmp/results/models/checkpoints/hmmem-llama2-iemocap4-classification-20260703_143039-epoch15.ckpt
2026-07-03 16:30:39:INFO:Removed old checkpoint: /root/autodl-tmp/results/models/checkpoints/hmmem-llama2-iemocap4-classification-20260703_143039-epoch20.ckpt
2026-07-03 16:33:50:INFO:TRAIN-(hmmem) (1/16/2)>> loss: 0.6290
2026-07-03 16:33:56:INFO:VAL-(hmmem) >>
2026-07-03 16:33:56:INFO:M: >>  acc: 0.4347  UA: 0.4164  weight_F1: 0.4246  Macro_F1: 0.3955 
2026-07-03 16:34:04:INFO:Saving best model at epoch 16 to /root/autodl-tmp/results/models/hmmem-llama2-iemocap4-classification-20260703_143039.pth.
2026-07-03 16:37:17:INFO:TRAIN-(hmmem) (1/17/2)>> loss: 0.6063
2026-07-03 16:37:24:INFO:VAL-(hmmem) >>
2026-07-03 16:37:24:INFO:M: >>  acc: 0.3147  UA: 0.3793  weight_F1: 0.2850  Macro_F1: 0.2984 
2026-07-03 16:40:35:INFO:TRAIN-(hmmem) (2/18/2)>> loss: 0.5968
2026-07-03 16:40:41:INFO:VAL-(hmmem) >>
2026-07-03 16:40:41:INFO:M: >>  acc: 0.4160  UA: 0.4099  weight_F1: 0.4227  Macro_F1: 0.4071 
2026-07-03 16:43:53:INFO:TRAIN-(hmmem) (3/19/2)>> loss: 0.5757
2026-07-03 16:43:59:INFO:VAL-(hmmem) >>
2026-07-03 16:43:59:INFO:M: >>  acc: 0.4053  UA: 0.4089  weight_F1: 0.3899  Macro_F1: 0.3707 
2026-07-03 16:47:10:INFO:TRAIN-(hmmem) (4/20/2)>> loss: 0.5605
2026-07-03 16:47:17:INFO:VAL-(hmmem) >>
2026-07-03 16:47:17:INFO:M: >>  acc: 0.4747  UA: 0.4666  weight_F1: 0.4839  Macro_F1: 0.4620 
2026-07-03 16:47:23:INFO:Saving best model at epoch 20 to /root/autodl-tmp/results/models/hmmem-llama2-iemocap4-classification-20260703_143039.pth.
2026-07-03 16:47:35:INFO:Checkpoint saved at epoch 20 -> /root/autodl-tmp/results/models/checkpoints/hmmem-llama2-iemocap4-classification-20260703_143039-epoch20.ckpt
2026-07-03 16:47:35:INFO:Removed old checkpoint: /root/autodl-tmp/results/models/checkpoints/hmmem-llama2-iemocap4-classification-20260703_143039-epoch5.ckpt
2026-07-03 16:50:46:INFO:TRAIN-(hmmem) (1/21/2)>> loss: 0.5387
2026-07-03 16:50:53:INFO:VAL-(hmmem) >>
2026-07-03 16:50:53:INFO:M: >>  acc: 0.4693  UA: 0.4465  weight_F1: 0.4763  Macro_F1: 0.4380 
2026-07-03 16:54:04:INFO:TRAIN-(hmmem) (2/22/2)>> loss: 0.5209
2026-07-03 16:54:10:INFO:VAL-(hmmem) >>
2026-07-03 16:54:10:INFO:M: >>  acc: 0.5173  UA: 0.4938  weight_F1: 0.5179  Macro_F1: 0.4873 
2026-07-03 16:54:18:INFO:Saving best model at epoch 22 to /root/autodl-tmp/results/models/hmmem-llama2-iemocap4-classification-20260703_143039.pth.
2026-07-03 16:57:31:INFO:TRAIN-(hmmem) (1/23/2)>> loss: 0.5030
2026-07-03 16:57:38:INFO:VAL-(hmmem) >>
2026-07-03 16:57:38:INFO:M: >>  acc: 0.5120  UA: 0.4725  weight_F1: 0.5066  Macro_F1: 0.4733 
2026-07-03 17:00:49:INFO:TRAIN-(hmmem) (2/24/2)>> loss: 0.4959
2026-07-03 17:00:56:INFO:VAL-(hmmem) >>
2026-07-03 17:00:56:INFO:M: >>  acc: 0.4907  UA: 0.4927  weight_F1: 0.5056  Macro_F1: 0.4850 
2026-07-03 17:04:07:INFO:TRAIN-(hmmem) (3/25/2)>> loss: 0.4855
2026-07-03 17:04:14:INFO:VAL-(hmmem) >>
2026-07-03 17:04:14:INFO:M: >>  acc: 0.4800  UA: 0.4749  weight_F1: 0.4952  Macro_F1: 0.4673 
2026-07-03 17:04:22:INFO:Checkpoint saved at epoch 25 -> /root/autodl-tmp/results/models/checkpoints/hmmem-llama2-iemocap4-classification-20260703_143039-epoch25.ckpt
2026-07-03 17:04:23:INFO:Removed old checkpoint: /root/autodl-tmp/results/models/checkpoints/hmmem-llama2-iemocap4-classification-20260703_143039-epoch10.ckpt
2026-07-03 17:07:34:INFO:TRAIN-(hmmem) (4/26/2)>> loss: 0.4724
2026-07-03 17:07:41:INFO:VAL-(hmmem) >>
2026-07-03 17:07:41:INFO:M: >>  acc: 0.4773  UA: 0.4681  weight_F1: 0.4864  Macro_F1: 0.4553 
2026-07-03 17:10:52:INFO:TRAIN-(hmmem) (5/27/2)>> loss: 0.4665
2026-07-03 17:10:58:INFO:VAL-(hmmem) >>
2026-07-03 17:10:58:INFO:M: >>  acc: 0.5173  UA: 0.4977  weight_F1: 0.5215  Macro_F1: 0.4907 
2026-07-03 17:11:06:INFO:Saving best model at epoch 27 to /root/autodl-tmp/results/models/hmmem-llama2-iemocap4-classification-20260703_143039.pth.
2026-07-03 17:14:20:INFO:TRAIN-(hmmem) (1/28/2)>> loss: 0.4618
2026-07-03 17:14:27:INFO:VAL-(hmmem) >>
2026-07-03 17:14:27:INFO:M: >>  acc: 0.4960  UA: 0.4783  weight_F1: 0.5062  Macro_F1: 0.4746 
2026-07-03 17:17:38:INFO:TRAIN-(hmmem) (2/29/2)>> loss: 0.4585
2026-07-03 17:17:44:INFO:VAL-(hmmem) >>
2026-07-03 17:17:44:INFO:M: >>  acc: 0.5227  UA: 0.5064  weight_F1: 0.5302  Macro_F1: 0.5008 
2026-07-03 17:17:51:INFO:Saving best model at epoch 29 to /root/autodl-tmp/results/models/hmmem-llama2-iemocap4-classification-20260703_143039.pth.
2026-07-03 17:21:05:INFO:TRAIN-(hmmem) (1/30/2)>> loss: 0.4565
2026-07-03 17:21:12:INFO:VAL-(hmmem) >>
2026-07-03 17:21:12:INFO:M: >>  acc: 0.5253  UA: 0.5046  weight_F1: 0.5294  Macro_F1: 0.4975 
2026-07-03 17:21:21:INFO:Checkpoint saved at epoch 30 -> /root/autodl-tmp/results/models/checkpoints/hmmem-llama2-iemocap4-classification-20260703_143039-epoch30.ckpt
2026-07-03 17:21:21:INFO:Removed old checkpoint: /root/autodl-tmp/results/models/checkpoints/hmmem-llama2-iemocap4-classification-20260703_143039-epoch15.ckpt
2026-07-03 17:24:32:INFO:TRAIN-(hmmem) (2/31/2)>> loss: 0.4561
2026-07-03 17:24:39:INFO:VAL-(hmmem) >>
2026-07-03 17:24:39:INFO:M: >>  acc: 0.5227  UA: 0.5021  weight_F1: 0.5279  Macro_F1: 0.4961 
2026-07-03 17:27:50:INFO:TRAIN-(hmmem) (3/32/2)>> loss: 0.4569
2026-07-03 17:27:56:INFO:VAL-(hmmem) >>
2026-07-03 17:27:56:INFO:M: >>  acc: 0.4960  UA: 0.4803  weight_F1: 0.4997  Macro_F1: 0.4689 
2026-07-03 17:31:08:INFO:TRAIN-(hmmem) (4/33/2)>> loss: 0.4583
2026-07-03 17:31:14:INFO:VAL-(hmmem) >>
2026-07-03 17:31:14:INFO:M: >>  acc: 0.5120  UA: 0.4975  weight_F1: 0.5204  Macro_F1: 0.4930 
2026-07-03 17:34:25:INFO:TRAIN-(hmmem) (5/34/2)>> loss: 0.4595
2026-07-03 17:34:32:INFO:VAL-(hmmem) >>
2026-07-03 17:34:32:INFO:M: >>  acc: 0.4880  UA: 0.4877  weight_F1: 0.5019  Macro_F1: 0.4792 
2026-07-03 17:37:43:INFO:TRAIN-(hmmem) (6/35/2)>> loss: 0.4618
2026-07-03 17:37:50:INFO:VAL-(hmmem) >>
2026-07-03 17:37:50:INFO:M: >>  acc: 0.5093  UA: 0.4968  weight_F1: 0.5120  Macro_F1: 0.4830 
2026-07-03 17:38:02:INFO:Checkpoint saved at epoch 35 -> /root/autodl-tmp/results/models/checkpoints/hmmem-llama2-iemocap4-classification-20260703_143039-epoch35.ckpt
2026-07-03 17:38:02:INFO:Removed old checkpoint: /root/autodl-tmp/results/models/checkpoints/hmmem-llama2-iemocap4-classification-20260703_143039-epoch20.ckpt
2026-07-03 17:41:14:INFO:TRAIN-(hmmem) (7/36/2)>> loss: 0.4627
2026-07-03 17:41:20:INFO:VAL-(hmmem) >>
2026-07-03 17:41:20:INFO:M: >>  acc: 0.4773  UA: 0.4713  weight_F1: 0.4805  Macro_F1: 0.4546 
2026-07-03 17:44:32:INFO:TRAIN-(hmmem) (8/37/2)>> loss: 0.4634
2026-07-03 17:44:38:INFO:VAL-(hmmem) >>
2026-07-03 17:44:38:INFO:M: >>  acc: 0.5200  UA: 0.5041  weight_F1: 0.5325  Macro_F1: 0.5083 
2026-07-03 17:44:50:INFO:Saving best model at epoch 37 to /root/autodl-tmp/results/models/hmmem-llama2-iemocap4-classification-20260703_143039.pth.
2026-07-03 17:48:15:INFO:TRAIN-(hmmem) (1/38/2)>> loss: 0.4635
2026-07-03 17:48:22:INFO:VAL-(hmmem) >>
2026-07-03 17:48:22:INFO:M: >>  acc: 0.4640  UA: 0.4701  weight_F1: 0.4751  Macro_F1: 0.4449 
2026-07-03 17:51:35:INFO:TRAIN-(hmmem) (2/39/2)>> loss: 0.4615
2026-07-03 17:51:41:INFO:VAL-(hmmem) >>
2026-07-03 17:51:41:INFO:M: >>  acc: 0.5147  UA: 0.4986  weight_F1: 0.5177  Macro_F1: 0.4885 
2026-07-03 17:54:56:INFO:TRAIN-(hmmem) (3/40/2)>> loss: 0.4685
2026-07-03 17:55:02:INFO:VAL-(hmmem) >>
2026-07-03 17:55:02:INFO:M: >>  acc: 0.5520  UA: 0.5080  weight_F1: 0.5489  Macro_F1: 0.5169 
2026-07-03 17:55:10:INFO:Saving best model at epoch 40 to /root/autodl-tmp/results/models/hmmem-llama2-iemocap4-classification-20260703_143039.pth.
2026-07-03 17:55:23:INFO:Checkpoint saved at epoch 40 -> /root/autodl-tmp/results/models/checkpoints/hmmem-llama2-iemocap4-classification-20260703_143039-epoch40.ckpt
2026-07-03 17:55:24:INFO:Removed old checkpoint: /root/autodl-tmp/results/models/checkpoints/hmmem-llama2-iemocap4-classification-20260703_143039-epoch25.ckpt
2026-07-03 17:58:38:INFO:TRAIN-(hmmem) (1/41/2)>> loss: 0.4549
2026-07-03 17:58:45:INFO:VAL-(hmmem) >>
2026-07-03 17:58:45:INFO:M: >>  acc: 0.5760  UA: 0.5272  weight_F1: 0.5665  Macro_F1: 0.5253 
2026-07-03 17:58:55:INFO:Saving best model at epoch 41 to /root/autodl-tmp/results/models/hmmem-llama2-iemocap4-classification-20260703_143039.pth.
2026-07-03 18:02:16:INFO:TRAIN-(hmmem) (1/42/2)>> loss: 0.4598
2026-07-03 18:02:22:INFO:VAL-(hmmem) >>
2026-07-03 18:02:22:INFO:M: >>  acc: 0.5413  UA: 0.5012  weight_F1: 0.5352  Macro_F1: 0.5015 
2026-07-03 18:05:35:INFO:TRAIN-(hmmem) (2/43/2)>> loss: 0.4464
2026-07-03 18:05:42:INFO:VAL-(hmmem) >>
2026-07-03 18:05:42:INFO:M: >>  acc: 0.4800  UA: 0.4998  weight_F1: 0.4881  Macro_F1: 0.4721 
2026-07-03 18:08:55:INFO:TRAIN-(hmmem) (3/44/2)>> loss: 0.4523
2026-07-03 18:09:02:INFO:VAL-(hmmem) >>
2026-07-03 18:09:02:INFO:M: >>  acc: 0.4747  UA: 0.4671  weight_F1: 0.4851  Macro_F1: 0.4495 
2026-07-03 18:12:14:INFO:TRAIN-(hmmem) (4/45/2)>> loss: 0.4297
2026-07-03 18:12:21:INFO:VAL-(hmmem) >>
2026-07-03 18:12:21:INFO:M: >>  acc: 0.5867  UA: 0.5465  weight_F1: 0.5792  Macro_F1: 0.5439 
2026-07-03 18:12:29:INFO:Saving best model at epoch 45 to /root/autodl-tmp/results/models/hmmem-llama2-iemocap4-classification-20260703_143039.pth.
2026-07-03 18:12:41:INFO:Checkpoint saved at epoch 45 -> /root/autodl-tmp/results/models/checkpoints/hmmem-llama2-iemocap4-classification-20260703_143039-epoch45.ckpt
2026-07-03 18:12:42:INFO:Removed old checkpoint: /root/autodl-tmp/results/models/checkpoints/hmmem-llama2-iemocap4-classification-20260703_143039-epoch30.ckpt
2026-07-03 18:15:54:INFO:TRAIN-(hmmem) (1/46/2)>> loss: 0.4263
2026-07-03 18:16:00:INFO:VAL-(hmmem) >>
2026-07-03 18:16:00:INFO:M: >>  acc: 0.5787  UA: 0.5622  weight_F1: 0.5854  Macro_F1: 0.5664 
2026-07-03 18:16:08:INFO:Saving best model at epoch 46 to /root/autodl-tmp/results/models/hmmem-llama2-iemocap4-classification-20260703_143039.pth.
2026-07-03 18:19:23:INFO:TRAIN-(hmmem) (1/47/2)>> loss: 0.4177
2026-07-03 18:19:30:INFO:VAL-(hmmem) >>
2026-07-03 18:19:30:INFO:M: >>  acc: 0.5307  UA: 0.5189  weight_F1: 0.5161  Macro_F1: 0.4978 
2026-07-03 18:22:42:INFO:TRAIN-(hmmem) (2/48/2)>> loss: 0.4075
2026-07-03 18:22:49:INFO:VAL-(hmmem) >>
2026-07-03 18:22:49:INFO:M: >>  acc: 0.5947  UA: 0.5958  weight_F1: 0.5889  Macro_F1: 0.5810 
2026-07-03 18:22:56:INFO:Saving best model at epoch 48 to /root/autodl-tmp/results/models/hmmem-llama2-iemocap4-classification-20260703_143039.pth.
2026-07-03 18:26:10:INFO:TRAIN-(hmmem) (1/49/2)>> loss: 0.4152
2026-07-03 18:26:17:INFO:VAL-(hmmem) >>
2026-07-03 18:26:17:INFO:M: >>  acc: 0.5760  UA: 0.5755  weight_F1: 0.5772  Macro_F1: 0.5622 
2026-07-03 18:29:29:INFO:TRAIN-(hmmem) (2/50/2)>> loss: 0.4154
2026-07-03 18:29:35:INFO:VAL-(hmmem) >>
2026-07-03 18:29:35:INFO:M: >>  acc: 0.5707  UA: 0.5949  weight_F1: 0.5707  Macro_F1: 0.5675 
2026-07-03 18:29:44:INFO:Checkpoint saved at epoch 50 -> /root/autodl-tmp/results/models/checkpoints/hmmem-llama2-iemocap4-classification-20260703_143039-epoch50.ckpt
2026-07-03 18:29:45:INFO:Removed old checkpoint: /root/autodl-tmp/results/models/checkpoints/hmmem-llama2-iemocap4-classification-20260703_143039-epoch35.ckpt
2026-07-03 18:29:45:INFO:Reached max_epochs (50), stopping training. Best epoch: 48, best valid: 0.5889
2026-07-03 18:30:06:INFO:TEST-(hmmem) >>
2026-07-03 18:30:06:INFO:M: >>  acc: 0.5431  UA: 0.5899  weight_F1: 0.5423  Macro_F1: 0.5450 
2026-07-03 18:30:06:INFO:============================================================
2026-07-03 18:30:06:INFO:         Detailed Classification Analysis
2026-07-03 18:30:06:INFO:============================================================
2026-07-03 18:30:06:INFO:         Class     Prec   Recall       F1   Support
2026-07-03 18:30:06:INFO:------------------------------------------------------------
2026-07-03 18:30:06:INFO:         angry   0.3983   0.8059   0.5331       170
2026-07-03 18:30:06:INFO:         happy   0.6762   0.4299   0.5256       442
2026-07-03 18:30:06:INFO:           sad   0.5539   0.6082   0.5798       245
2026-07-03 18:30:06:INFO:       neutral   0.5706   0.5156   0.5417       384
2026-07-03 18:30:06:INFO:------------------------------------------------------------
2026-07-03 18:30:06:INFO:  WA  (Weighted Accuracy) : 0.5431
2026-07-03 18:30:06:INFO:  UA  (Unweighted Accuracy): 0.5899
2026-07-03 18:30:06:INFO:  WF1 (Weighted F1)       : 0.5423
2026-07-03 18:30:06:INFO:  Macro-F1                : 0.5450
2026-07-03 18:30:06:INFO:============================================================
2026-07-03 18:30:07:INFO:Confusion matrix saved → /root/autodl-tmp/results/results/analysis/hmmem-llama2-iemocap4-20260703_143039/hmmem-llama2-iemocap4-TEST-confusion_matrix.png (+.svg)
2026-07-03 18:30:07:INFO:t-SNE features saved → /root/autodl-tmp/results/results/analysis/hmmem-llama2-iemocap4-20260703_143039/hmmem-llama2-iemocap4-TEST-tsne_features.npz
2026-07-03 18:30:07:INFO:t-SNE balanced sampling: 1241 → 600 (max_per_class=150)
2026-07-03 18:30:12:INFO:Emotion t-SNE saved → /root/autodl-tmp/results/results/analysis/hmmem-llama2-iemocap4-20260703_143039/hmmem-llama2-iemocap4-TEST-tsne_emotion_true.png (+.svg, +pred)
2026-07-03 18:30:33:INFO:Modality t-SNE saved → /root/autodl-tmp/results/results/analysis/hmmem-llama2-iemocap4-20260703_143039/hmmem-llama2-iemocap4-TEST-tsne_modality.png (+.svg)
2026-07-03 18:30:35:INFO:Results are added to /root/autodl-tmp/results/results/hmmem-llama2-iemocap4-classification.csv...
